Extracted Text,Path
Tretinoin Gel USP A-Ret Gel 0.025% MENARINI 20 g children Tretinoin Gel USP TeOS_ ENARINI A-Ret Gel 0.025%  20 g,A Ret 0.025% Gel 20gm_image_1.jpg
Tretinoin Gel USP 0.1% w/w A-Ret Gel 0.1% w/w MENARINI 20g,A Ret 0.1% Gel 20gm_image_6.jpg
Composition: Tretinoin Usp Gel Base Preservatives Mcthalpunaben Propulpjiaben IndlcnontAone Photoag n2Fy Appllcanon Pncunon; ind Cantrindicubn reud theencloied leailet Wrecheeonte atanolhci children Arandcontac with Ges MouthandMt unavoidabic sunscaeei lolion Not to bc used dunng preznancy: CuTIO Vai t cold b; TctJiKaa 4ripndn 0 ? Acuistetcu Mcdical0-18 Vv0 > Dose Umucau: Mcmbrnc; Exposuie {0 suntcht Jnd Uv Iikhimnust be uvoidcd_Mcaemi,A Ret 0.1% Gel 20gm_image_8.jpg
"Composition: Tretinoin USP 0.1% w/w In a Gel Base q.5. Preservatives: Methylparaben IP 0.2% w/w Propylparaben IP 0.05% w/w Indications: Acne, Photoaging and Melasma_",A Ret 0.1% Gel 20gm_image_9.jpg
Tretinoin Gel USP 0.1% w/w A-Ret Gel 0.1% w/w MENARINI 20g,A Ret 0.1% Gel 20gm_image_10.jpg
"Adapalene 0,1% w/w & Benzoyl Peroxide 2.5% w/w gel AB-NEXT",AB NEXT Gel 20gm_image_3.jpg
Composition: Adapalene Ph.Eur 0.1% wlw Hydrous Benzoyl peroxide IP Equivalent to Benzoyl peroxide 2.5% wlw Gel base q.5. Dosage: As directed by the Physician,AB NEXT Gel 20gm_image_5.jpg
Cindamycin & Nicotinamide Gel Abaka,ABAKA Gel 20gm_image_5.jpg
Cindamycin & NIcotinamide Gel Abaka,ABAKA Gel 20gm_image_8.jpg
Isotretinoin Capsules IP 10 mg Accufine 10 mg Healing Pharma 1x 10 Softgel Capsules,ACCUFINE 10mg Capsule 10's_image_1.jpg
Isotretinoin Capsules IP 20 mg Accufine 20 mg Heoling Pharma 1x 10 Softgel Capsules,ACCUFINE 20mg Capsule 10's_image_1.jpg
Isotretinoin Capsules IP 30 mg Accufine 30 mg Heoling Pharma 1x10 Softgel Capsules,ACCUFINE 30mg Capsule 10's_image_1.jpg
Isotretinoin Capsules IP 40 mg Accufine 40 mg Healing Pharma 1x10 Sofgel Capsules,ACCUFINE 40mg Capsule 10's_image_1.jpg
Isotretinoin Capsules IP 5 mg Accufine 5 mg Healing Pharma 1x 10 Softgel Capsules ,ACCUFINE 5mg Capsule 10's_image_1.jpg
Clindamycin & Benzoyl Peroxide Gel ACLINd BP 2.5%  Gel 15g,ACLIND BP 2.5% Gel 15gm_image_5.jpg
Composition Clindamycin Phosphate IP Equivalent to Clindamycin 1% w/w Hydrous Benzoyl Peroxide USP Equivalent to Anhydrous Benzoyl Peroxide 2.5% w/w Gel base q.s.,ACLIND BP 2.5% Gel 15gm_image_7.jpg
Clindamycin & Benzoyl Peroxide Gel ACLIND BP 2.5%  2.5%  Gel 15g,ACLIND BP 2.5% Gel 15gm_image_9.jpg
Clindamycin Phosphate & Nicotinamide Gel Acnay gel 10 g MED ORGANICS,Acnay Gel 10gm_image_4.jpg
"Composition Clindamycin Phosphate IP Equivalent to Clindamycin 1.0% w/w Nicotinamide IP 4.0% w/w Aloe, Allantoin & Ethyl Lactate base q.S.",Acnay Gel 10gm_image_6.jpg
Clindamycin Phosphate & Nicotinamide Gel Acnay gel 10g,Acnay Gel 10gm_image_7.jpg
ipca SILICONE SUNSCREEN GEL SPF3O ACNE-UV GEL SPF 30 PA+++ UVA+ UVB +VISIBLE LIGHT 0IL FREE NON-COMEDOGENIC VERY WATER RESISTANT 30g,Acne UV SPF 30 Gel 30gm_image_4.jpg
"Made in india by Aurochem Laboratories (India) Pvt Ltd _ Plot No.2, PTICE Ltd Palghar - 401404, Maharashtra India:Marketed by Ipca Laboratories Ltd: Regd Off: 48 Kandivli Ind_ Estale Mumbai - 400 067.For your feedback/query contact:Customer Care no 022 6210 5400 Email ipc@ipca.com M_KD/C-390 Batch No: :Mfg. Date :Use Before :Max Retail Price = (Incl of all taxes)",Acne UV SPF 30 Gel 30gm_image_5.jpg
"Ingredients: Cyclopentasiloxane (and) Dimethicone Crosspolymer & Dimethicone; Octyl Methoxycinnamate, Diethylamino Hydroxy Benzoyl Hexyl Benzoate, Titanium Dioxide (and) Silica (and) Dimethicone, â‚¬ 12-15 Alkyl Benzoate, Bis- Ethylhexyloxyphenol Methoxyphenyl Triazine, Diethylhexyl Butamido Triazone, Diethylhexyl Syringylidenemalonate, Fragrance.",Acne UV SPF 30 Gel 30gm_image_7.jpg
For the treatment of Acne and Pimples new Acnecure gel 20 g For the treatment of Acne and Pimples new Acnecure gel 20 g ,Acnecure Gel 20gm_image_5.jpg
COMPOSITION: Clindamycin Phosphate I.P. eq. to Clindamycin Nicotinamide I.P. Aloe vera Allantoin gel base 1.00% w/w 4.0% w/w q.s.,Acnecure Gel 20gm_image_7.jpg
"Clindamycin Phosphate & Nicotinamide Gel new Acnecure gel COMPOSITION: Clindamycin  Phosphate I.P.  eq. to Clindamycin 1.00% W/W Nicotinamide I.P.  4.0% W/W Aloa vera Allantoin gel base DOSAGE:  As directed by the Phycisian, Avoid contact with eyes STORAGE: Store in a dry place at a temperature not exceeding 30""C. Protect from light Do not freeze. Keep out of reach/sight of children .CAUTION: NOT to be sold ovretail *thout Uui nmsotllon 0l Red stee0 Nedic?i Praclvongr",Acnecure Gel 20gm_image_6.jpg
For the treatment of Acne and Pimples new Acnecure 20 g,Acnecure Gel 20gm_image_8.jpg
For the treatment of Acne and Pimples Acnecure gel  20 g,Acnecure Gel 20gm_image_9.jpg
Cipla Acnedap 15 g gel with pin point applicator,Acnedap Gel 15gm_image_5.jpg
Contains: Dapsone IP 5.00% w/w Preservative: Methylparaben IP 0.20% w/w In a gel base q.s.,Acnedap Gel 15gm_image_7.jpg
Cipla 15 g with pin Point appllcator Dopsone gel IP 5% w/w Acnedap,Acnedap Gel 15gm_image_9.jpg
cipla Acnedap Plus 15  gel point applicator,Acnedap Plus Gel 15gm_image_4.jpg
Acnedap Plus gel 8 901 117  2 45 6 79,Acnedap Plus Gel 15gm_image_7.jpg
"For Acne Prone Oily Skin with Anti-microbial ActionAcnedim ANTI-ACNE SOAP AstrIngent Cleansing Soap with Vit.E Tea Tree Oil, Allantoin; Titanium Dioxide ZEE DRUCS",ACNEDIM ANTI ACNE Soap 75gm_image_3.jpg
"KEY INGREDIENTS Tea Tree Oil , Allantoin; Vitamin E & Titanium Dioxide Soap Noodles q.s. TEATREE OIL is a natural antiseptic, germicide, antibacterial and fungicide which prevents pimples_ freckle and also skin whitener ALLANTION is a good astringent and helps in faster heading of acne. VITAMIN E known anti-aging vitamin prevents wrinkles & protect against possible UV damages and make skin healthier. TITANIUM DIOXIDE penetrates into the skin and whitens your skin: Acnedim Soap proven be most effective for acne and oily skin. Acnedim Soap dries and clears acne blemishes black head_ white heads Kipes excessive oil from skin without Irritation. FOR EXTERNAL USE ONLY:",ACNEDIM ANTI ACNE Soap 75gm_image_4.jpg
With anti-microbial and Aloe vera advantage Acnelak Pimple Care Soap Improved Oily Skin Formula No.1 MENARINI 75g,Acnelak Pimple Care Soap 75gm_image_4.jpg
"Acnelak"" Pimple Care Soap has specialised oil-free formula that cleanses the excess oil from the acne prone skin, thereby, leaving complelely clean.its unique ingredients provide antimicrobial action and soothe the skin INGREDIENTS Sodium Palmale Sodium Palm Kernelate , PEG Amodimethicone , Fragrance , Propylene Glycol, Triclosan Coco-betaine, Triethanolamine Lauryl Sulfate, Aloe Vera Exlracl; Zinc Oxide, Titanium Dioxide Palmarosa Oil, Lemon Oil; Tea Tree Oil, Citric Acid Tetrasodium EDTA BHT CI No 15985, 47005, Purified Waler Directions for use Wel the skin with water and develop rich Iather with Acnelak   Pimple Care Soap Gently massage into the skin for 2 minutes, rinse off and pat dry with clean cloth for an oill-free and clean skin; Wash 2-3 times day As direcled by the Physician. Store away from heat Sunlight:",Acnelak Pimple Care Soap 75gm_image_5.jpg
"ACNELEX ACNELEX Acae clear Facial Cleanser  gently exfoliates controls  acne causing bacteria, brightens and balances skin tone It restores vibrancy and health to the skin.ACNELEX is an Ideal daily cleanser with its deep cleansing and special actives help reduces Blemishes effective in targeting Acne, Acne spots and discoloration with astringent properties Reguljr ACNELEX Acne Aasn help Jchicyc complexion most pcople desire OniyMcdi Acne Fzce wJsh Actlves Aqua Decyi Clucos dc, oteem Aiclovl Diciycinuic Yndellc Sulicyiic ncid Crecn LArac, Ajolln, Aqujay Ojimea Povde, Ktah Harcl Aaemot Kicii nd 3Voc[ueius strmno  sodiumciutomaic Dincationas FACC SH Tatc mlcwth. M aar Your palm ^nt Lcni Mco Lol #cec Rinie om (caedict Jnoput ourircon. Ca dndy Unec 6nt4 dardtying JT Dgccolnc#aAnpl; Gy Ior munute: Kin confh c6 Ut76 Onceinidtcoteyc dounsathin",ACNELEX Face Wash 100gm_image_3.jpg
"Yuderma L a b o r a t o r i e ACNELEX Medi Acne Face Wash & Mask PURIFYING CLEANSER Exfoliates, Deep Cleansing Eliminates Spots Blackheads PARABEN FREE_HYPOCLERGENIC RESEARCH & DEVELOPED Potas: JM Azelo   Dizlycmare trom Mlhelle Ricchcmlatr swltzerland a[RA Dat Cam United Ringdom Net_ Wt. 100gm / 3.52 OZ e",ACNELEX Face Wash 100gm_image_2.jpg
Bellissa Acnelissa Acne Care Face  Wash Reduces Acne Lighten Acne Scars Combat Acne Euplons Soap Free Paraben Free Sulphate Free Formaldenyde Free 30  ml,ACNELISSA ACNE CARE Face Wash 60ml_image_3.jpg
Adapalene & Clindamycin Gel Acnemend 20g Adapalene & Clindamycin Gel Acnemend ,ACNEMEND Gel 20gm_image_4.jpg
Acnemend Gel For acne free glowing face Adapalene & Clindamycin Gel Acnemend An Advanced Acne Care Reduces number of inflammatory Lesions Useful in acne caused by resistant P.Acne Enhances faster clindamycin penetration Reduces chances of bacterial resistance Repairs damaged skin cells Ensures no scar formation Indicated in : Commedonal Acne Facial Acne Inflammatory Acne,ACNEMEND Gel 20gm_image_7.jpg
Acnemend Gel 20g Adapalene & Clindamycin Gel Acnemend,ACNEMEND Gel 20gm_image_6.jpg
75g Acnemend Soap DERMACURE,ACNEMEND Soap 75gm_image_5.jpg
Acnemend Soap 75g Acnemend  Soap DERMACURE,ACNEMEND Soap 75gm_image_8.jpg
" Acnemend  Soap DERMACURE Marketed By Address: DERMACURE PHARMACEUTICALS PVT LTD Dermacure Pharmaceuticals Pvt Ltd E-309, Crystal Plaza, Andheri West, Mumbai-40005 Manufactured In India  By Jain Soap: Devam Estate. Santej 382 721 Gujarat Mlg Lic No: Cos/GC/1135 Batch No Mfg. Date Exp Date M.R.P Rs (Inclusive of all taxes)  When Packed: 75g Net Wet 68 g",ACNEMEND Soap 75gm_image_7.jpg
Acnemend Soap new Acnemend Soap Anti-Acne Soap Prevents Occurrence Of New Pimples Helps In Disappearance Of Existing Pimples Very Effective For Oily/Acne Prone Skin Puts a full stop on Acne,ACNEMEND Soap 75gm_image_9.jpg
20g Adapalene & Benzoyl Peroxide Gel Acnemend-BPO ,ACNEMEND BPO Gel 20gm_image_5.jpg
Adapalene & Benzoyl Peroxide Gel Acnemend-BPO DERMACURE PHARMACEUTICALS PVT TD E-309 Crystal Plaza 3rd  Adapalene Benzoyl Peroxide Gel ,ACNEMEND BPO Gel 20gm_image_7.jpg
Acnemend-BPO Gel For Severe Acne Adapalene & Benzoyl Peroxide Gel Acnemend-BPO Synergistic action in the management of acne vulgaris. Benzoyl peroxide has an antibacterial property: Benzoyl peroxide kills bacteria by lowering skin pH leading to disruption in cell membrane.  Benzoyl peroxide also has keratolytic action. Adapalene has potent anti- inflammatory action. Adapalene also reduces Ihe formalion of microcomedone. Adapalene is an active metabolite and thus does not require transformation Formulation can also be  used as adjuvant to therapy for acne Indicated in :  ACne Vulgaris Acne rosacea Severe acne,ACNEMEND BPO Gel 20gm_image_9.jpg
Acnemend-BPO Gel20g  Adapalene & Benzoyl Peroxide Gel Acnemend-BPO,ACNEMEND BPO Gel 20gm_image_8.jpg
"Ingredients: Aqua , Caprylic/ Capric Triglyceride; Isononyl Isononanoate Jojoba Oil Glycereth-8 Esters (and) Water; Cyclopentasiloxane; Water (and) Phenethyl Alcohol (and) Sodium Carrageenan (and) Sea Salt, Phenoxyethanol (and) Ethylhexylglycerin, Saccharide Isomerate, Cetyl Alcohol; Ceteareth-20, Laureth-23, Acrylates/ C10-30 Alkyl Acrylate Crosspolymer, Steareth-2, Triethanolamine, Cyclopentasiloxane (and) Dimethicone Crosspolymer; Disodium EDTA; Perfume:",Acnemoist Cream 60gm_image_6.jpg
"Batch No./Mlo Date / Usa Before / MRP Rs: (Inclusive of all taxes): Refer below Net Quantity: 60 g M 10 /C/UA/2O13 Manufactured by: Pritam Intemational Pvt Lfd, Khasra No: 138, Raipur Industrial Area; Bhagwanpur; Roorkee; Uttarakhand  - 247 667, India Marketed by: CURATIO Curatio Heath Care (I) Private Limited, Mamatha Complex_ 4th Floor; No;25/13, Whites Road; Royapettah Chennai 600 014, india ln case of  queries; please call +91 96770 48548 or WhatsAPP +91 73388 65555 Or write to Manager (Customer Care) Mamatha Complex 4th Floor; No.25/13 Whites Road Royapettah; Chennai= 600 014 email: cuslomercare@curatio healthcare.com Pentavitin"" is a Trademark of DSM @ Registered Trademark",Acnemoist Cream 60gm_image_7.jpg
ACNEMOIST Cream Intense Hydration Feather Light Designed for Acne Prone Skin,Acnemoist Cream 60gm_image_4.jpg
 New ACNEMOIST Cream Intense Hydration Feather Light Designed for Acne Prone Skin,ACNEMOIST NEW Cream 60gm_image_3.jpg
Salicylic Acid and Glycolic Acid Wipes Acnepad Soft-Textured Pads Alcohol & Paraben Free Cleansor for fresher looking skin Single Step Acne Control REGALIZ,ACNEPAD Soft Textured Pad Wipes 50's_image_4.jpg
"For your feedback contact: Customer Support No: 022-40586814 Soft Touch Pads 50 Email us at info@regalizindia.com Mfg. lic.NO : KD-326 For more information, refer to enclosed leaflet. Batch No DERMATOLOGICALLY TESTED Mfg. Date ExpDate M.R.P   (Incl off all  taxes) Manufactured by: Aurochem Laboratories Pvt Ltd. Palghar Taluka Ind. Co:-Op. Estate Ltd. Use all pads within 45 days  after opninh the pack Palghar - 401404, Maharashtra , India  Marketed by: ReCALIZ Regaliz Medicare Ltd 37-C, 1 Foor Kandivali Co. Ou. Indl: Estate. Charkop Road, Kancwall (West) , Mumbai - 400267 . Maharashtra, India",ACNEPAD Soft Textured Pad Wipes 50's_image_6.jpg
Facewash Acnerex Aloe Vera; Shea Butter & Allantoin 75 ml,ACNEREX Face Wash 75ml_image_3.jpg
Allantoin Soap Acnerex  ACNE  CARE  S0AP,Acnerex Soap 75gm_image_3.jpg
"Pimple Care Soap with Moisturising Action Composition Allaition IP 0.2% W/W  Perfume q.s. Aloevera. Soap Noodles base q.s Colour: Titanium Dioxide IP and Toney Red (C.I.NO.26100) Total Fatty Matter 76% Grade-1 Soap Store at a temperatire not exceeding 25*C, Protect from light Mfg: Lic No: 18/UA/2017 Batch No Mfg. Date: ( Expiry Date MRP: Inclusive of all Taxes Net Weight 75 g when  Packed",Acnerex Soap 75gm_image_4.jpg
"Composition: Allantoin IP 0.2%W/W Perfume q.s Aloevera, Soap Noodles base q.s_ Colour: Titanium Dioxide IP and Toney Red (C.I.No_ 26100) Total Fatty Matter 76% Grade-1 Soap",Acnerex Soap 75gm_image_5.jpg
Brinton AcneScar Advance gel to reduce scars assotiated with acneFOR ALL SkIN  Helps to reduce old & No Scars DERMATOLOGICALLY TESTED,ACNESCAR Gel 15gm_image_4.jpg
"Ingredients: Aqua, Cyclopentasiloxane (and) Dimethicone Crosspolymer, Clycerin; Butylene Clycol, Allium cepa (Red Onion Extract), Aqua (and) Sodium Benzoate (and) Potassium Sorbate, Dimethicone (Polydimethylsiloxane, Bellis Perennis (Daisy) Flower Extract, Laureth-23 Laureth-4 Carbomer. Asiaticoside (and) Madecassic Acid (and) Asiatic Acid (TECA); Alea Vera Extract; Olea Europaea Leaf Extract, Allantoin; Triethanolamine, Allergen Free Fragrance Direction for Use: Apply generously and gently rub on to the scars 3-4 times a day: AcneScar TM gel should be used for period of 8-10 weeks on new scars and for 3-6 months on existing scars.",ACNESCAR Gel 15gm_image_6.jpg
Adapalene ond Clindamycin Phosphate Gel ACNESOL-A NANO GeI 15 gm systopic Applicator,Acnesol A Nano Gel 15gm_image_4.jpg
"Composition Each gram of gel contains: Adapalene BP 1 mg Clindamycin Phosphate IP Eq: to Clindamycin 10mg In Aloe , Allantoin Gel base",Acnesol A Nano Gel 15gm_image_6.jpg
Adapalene and Clindamycin Phosphate Gel ACNESOL-A NANO GeI ,Acnesol A Nano Gel 15gm_image_7.jpg
APPLICATOR INSIDE Clindamycin & Nicotinamide Gel ACNESOL-NC Gel systopic,Acnesol NC Gel 20gm_image_5.jpg
"Composition: Clindamycin Phosphate I.P. Equivalent to Clindamycin 1.0 % w/w Nicotinamide I.P 4.0%  w/w In Aloe, Allantoin base with Ethyl Lactate  q.s.",Acnesol NC Gel 20gm_image_7.jpg
With applicator Clindamycin & Nicotinamide Gel ACNESOL-NC Gel 20 g ,Acnesol NC Gel 20gm_image_9.jpg
"75 gm Benzoyl Peroxide, Zinc Pyrolidone Caroboxylic Acid & Allantoin in Syndet base Acnestal 5.5 pH Balanced-Acne Care LINUX",ACNESTAL 5.5 Syndet Bar 75gm_image_4.jpg
"Acnestals 5.5 Ingredients:   Syndet base* Benzoyl  peroxide, Zinc Pyrolidone Carboxylic Acid (Ajino Japan); Allantoin, PEG 6000, EDTA disodium, Butylated hydroxy toluvene Talc Starch, Glycerin with fragrance and permitted colour. (*Syndet base contains Stearic acid, Sodium cocoyl isethionate, Disodium sulfosuccinate,  Starch, Glycerin, Glyceryl   stearate, Sodium   chloride, Water, Citric acid Titanium dioxide & EDTA) Sulphate Free For External use only Keep it out of reach of Children From the house of Linux Laboratories new Acnestal 5.5 syndet bath bar Is designed to be gentle cleansing and helps to manage acne prone oily skin also protect mantle of skin. Discontinue the use if skin irritation occurs.Storage Acnestal 5.5 syndet bath bar is developed with advanced technology to dry on its own quicklyafter usage.Acnestal 5.5 Registered Trademark Consumer Support support@linuxlaboratories.in LINUX Laboratones",ACNESTAL 5.5 Syndet Bar 75gm_image_5.jpg
"Acnestal 5.5 Mfg: Lic. No. Batch No Mfg: Dt:Manufactured in India by : BIOMEDICA Life Science Plot No.27 , Labo Complex TASS Industrial Avenue, Ambattur; Chennai-600 098. INDIA ISO 9001.2015 WHO-GMP Certified Best Before MRP Rs. (Inclusive cf all taxos)",ACNESTAL 5.5 Syndet Bar 75gm_image_7.jpg
20g Clindamycin Phosphate Gel USP Acnethro-C Gel FOR EXTERNAL USE ONLY,ACNETHRO C Gel 20gm_image_4.jpg
Clindamycin Phosphate Gel USP 20g Acnethro-C Ge FOR EXTERNAL USE ONLY,ACNETHRO C Gel 20gm_image_6.jpg
Isotretinoin Softgel Capsules  20mg Acnetoin- i2o 1x20 Capsules;,ACNETOIN I 20mg Capsule 10's_image_3.jpg
15g Dapsone & Adapalene Gel acnawar TM plus gel  with Pin point Applicator ,Acnewar Plus Gel 15gm_image_5.jpg
"Composition: Dapsone IP 5.0% w/w Adapalene BP 0.1% w/w Methylparaben IP 0.150% w/w Propylparaben  IP  0,075 %  w/w (as preservatives) In gel base q.s.",Acnewar Plus Gel 15gm_image_8.jpg
Dapsone & Adapalene Gel 15 g acnewar TM plus,Acnewar Plus Gel 15gm_image_9.jpg
Alembics Clindamycin & Adapalene Gel Acnicin TM Gel 15 g,Acnicin Gel 15gm_image_4.jpg
Composition: Clindamycin Phosphate IP equivalent  to Clindamycin 1.00 % w/w Adapalene BP 0.1 % w/w In  Gel base q.s. Preservatives:  Methyl Parahydroxybenzoate IP 0.1% w/w  Phenoxyethanol IP 0.25%w/w  Dosage :  As directed by the physician. Store protected from light at a temperature not exceeding 25*C. Do not freeze Keep the medicine Out of reach of children. Keep the tube lighty closed after use SCHEDULE H PRESCRIPTION DRUG-CAUTION Not to be sold by retail without the prescription of Regislered Medical Practitioner,Acnicin Gel 15gm_image_5.jpg
Composition Clindamycin Phosphate IP equivalent to Clindamycin 1.00 % wlw Adapalene BP 0.1 % wlw In Gel base q.s. Preservatives:  Methyl Parahydroxybenzoate IP 0.1% wlw Phenoxyethanol IP 0.25 % wlw,Acnicin Gel 15gm_image_6.jpg
Alembic Clindamycin & Adapalene Gel Acnicin TM Gel 15g,Acnicin Gel 15gm_image_7.jpg
"Composition: Triclosan USP 1.00% w/w Vitamin E Acetate 0.25% w/w Allantoin IP 1.00% w/w Tea Tree Oil 0.20% w/w Soap base noodles q.s. Caution :  Avoid contact with eyes Hush with waler, if lalher enters eye. Store of room temperature, Do not freeze. Acnilite Bar is proporlionate blend of gentle & non-comedogenic cleansing agents which deep clean & remove excess dirt,  oil & bacteria. Acnilite bar's anti-acne oil conlrol formulalion is suitable for all types of skin & effective in acne & other oily skin conditions. TFM: 76% Grade-I Soap Net Wt. 75g (When Packed) Non Standard size under the slandards weight & measures. Likely to loose weight due to moisture loss Keep out of reach of children. FOR EXTERNAL USE ONLY ",ACNILITE Bar 75gm_image_4.jpg
"75g Triclosan_ Vitamin E Acetate r Allantoin IP & Tea Tree Oil Acnilite BAR anti-acne bar  - Effective in acne & other oily skin condilions. -Remove excess dirt, oil & bacteria VELITE",ACNILITE Bar 75gm_image_3.jpg
Composition Triclosan USP 1.00% w/w Vitamin E Acetate 0.25% wlw Allantoin IP 1.00% w/w Tea Tree Oil 0.20% w/w Soap base noodles q-s_,ACNILITE Bar 75gm_image_5.jpg
20g Clindamycin Phosphate with Nicotinamide Acnilite Gel ,ACNILITE Gel 20gm_image_5.jpg
Composition: Clindamycin Phosphate eq. to Clindamycin Nicotinamide Gel base IP1% wlw 4% wlw q.s IP,ACNILITE Gel 20gm_image_7.jpg
20g Clindamycin Phosphate with Nicotnamide Acnilite Get ,ACNILITE Gel 20gm_image_8.jpg
Adapalene Clindamycin Gel Acnilite-AD GEL 15g,ACNILITE AD Gel 15gm_image_5.jpg
"Composition Each gram of gel contains Adapalene BP 1 mg Clindamycin Phosphate IP equivalent to Clindamycin 10 mg. In Aloe, Allantoin Gel base. Preservatives Methyl Paraben IP 0.1% wlw Phenoxyethanol IP 0.025% w/w",ACNILITE AD Gel 15gm_image_7.jpg
Adapalene & Clindamycin Gel Acnilite -AD GEL 15g,ACNILITE AD Gel 15gm_image_8.jpg
Adaplene & Benzoyl Peroxide Gel Acnovate - Trio 15g ,Acnovate Trio Gel 15gm_image_6.jpg
Adapalene & Benzoyl Peroxide Gel Acnovate Trio 15g in a Gel Matrix with BIOCHITODERM apex,Acnovate Trio Gel 15gm_image_4.jpg
ACROBENZ-A gel 20 gm GALAXY MotechAdapalene & Benzoyl Peroxide Gel,ACROBENZ A Gel 20gm_image_4.jpg
"Adapalene  0.1% w/w Hydrous Benzoyl  Peroxide  USP Eq. to Anhydrous Benzolyl Peroxide 2.5% w/w in aqueous base q.s.  Directions: Use as directed by the physician.   Keep in cool and dry place. Keep out of reach of children Replace cap tightly after use.  Marketed By Address: GALAXy BIOTECH G-816A, First Floor, Laxmi Nagar Delhi-110092",ACROBENZ A Gel 20gm_image_5.jpg
Adapalene 0.1% wlw Hydrous Benzoyl Peroxide USP Eq. to Anhydrous Benzoyl Peroxide 2.5% wlw In aqueous base q.s. Directions: Use as directed by the physician.,ACROBENZ A Gel 20gm_image_6.jpg
Adapalene & Benzoyl Peroxide Gel Acrobenz-A gel 20 gm,ACROBENZ A Gel 20gm_image_7.jpg
Clindamycin & Nicotinamide Gel Acstop Gel 20 g,ACSTOP Gel 20gm_image_5.jpg
Composition:  Clindamycin Phosphate I.P Eq. to Clindamycin 1.000 % w/w Nicotinamide I.P 4.000 % wlw Aloe-Allantoin Gel Base Q.S.,ACSTOP Gel 20gm_image_8.jpg
Clindamycin & Nicotinamide Gel Acstop Gel 20 g,ACSTOP Gel 20gm_image_9.jpg
Isotretinoin Gapsules IP 10 mg Actame 10  Softgels  ACTAME 10 Softgel 10's  10 Softgels,ACTAME 10 Softgel 10's_image_5.jpg
"Each Soft Gelatin Capsule Contains :  Isotretinoin I.P. 10 mg. Excipients q.S.  Appropriate overage is added Approved colours used in capsule shell: Dosage As directed by the Physician. (Dermatologist only) . Storage Store below 25 C in a cool & dry place. Protect from direct light, heat & moisture. Keep out of reach of children.",ACTAME 10 Softgel 10's_image_7.jpg
Isotretinoin Capsules IP 20 mg Actar 10 Softgels,ACTAME 20 Softgel 10's_image_5.jpg
Each Soft Gelatin Capsule Contains : Isotretinoin I.P. 20 mg. Excipients q.S. Appropriate overage is added Approved colours used in capsule shell. Dosage : As directed by the Physician. (Dermatologist only) .,ACTAME 20 Softgel 10's_image_7.jpg
,ACTAME 20 Softgel 10's_image_9.jpg
Isotretinoin Capsules IP 30 mg Actame 30 Softgets10 Softgels,ACTAME 30 Capsule 10's_image_5.jpg
Each Soft Gelatin Capsule Contains : Isotretinoln I.P. 30 mg. Exciplents q.s. Appropriate overages is added Approved colours used in capsule shell. Dosage :  As directed by the Physician. (Dermatologlst only) .,ACTAME 30 Capsule 10's_image_7.jpg
,ACTAME 30 Capsule 10's_image_8.jpg
,ACTAME 30 Capsule 10's_image_9.jpg
acteen  Mild Face Wash For Oily & Acne Prone Skin,ACTEEN Face Wash 70gm_image_2.jpg
Acteen Mild Face Wash for Oily & Acne Prone Skin ,ACTEEN Face Wash 25gm_image_2.jpg
treat Clindamycin and Nicotinamide gel,ACTREAT Gel(Topical) 20gm_image_3.jpg
BLISTER STRIP OF 10 CAPSULES ipca Isotretinoin Capsules IP Acutret  10,Acutret 10mg Capsule 10'S_image_5.jpg
Each soft gelatin capsule contains: Isotretinoin IP 10 mg Excipients q.s.,Acutret 10mg Capsule 10'S_image_7.jpg
BLISTER STRIP OF 10 CAPSULES ipca Isotretinoin Capsules IP Acutret 20,Acutret 20mg Capsule 10'S_image_5.jpg
"Each soft gelatin capsule contains: Isotretinoin IP 20 mg Excipients q.S. Colours: Sunset Yellow FCF, Ponceau 4R Supra, Brilliant Blue FCF Supra, Titanium Dioxide IP.",Acutret 20mg Capsule 10'S_image_7.jpg
,Acutret 20mg Capsule 10'S_image_9.jpg
"20 g Benzoyl Peroxide Gel IP 2,5% wlw Acbenz 2.5 Gel  d ATOPIC DERMOCARE",ACBENZ 2.5 Gel 20gm_image_6.jpg
20 g Benzoyl Peroxide Gel IP 2.5% wlw Acbenz 2.5 Gel ATOPIC DERIOOCARE,ACBENZ 2.5 Gel 20gm_image_9.jpg
Composition : Hydrous Benzoyl Peroxide I.P. eq.to Anhydrous Benzoyl Peroxide 2.5 % wlw In a Water Soluble Gel Base Q.S.,ACBENZ 2.5 Gel 20gm_image_8.jpg
,ACFREE 10 Tablet 10's_image_1.jpg
"Triclosan, Tea Tree Oil, Zinc Oxide  Vitamin E Allantoin Soap ACNE BRIGHT Anti Acne Pimple care Anti Marks Soap Clear skin with Clearway 75gm. Prevege",ACNE BRIGHT Soap 75gm_image_3.jpg
,ACNE BRIGHT Soap 75gm_image_5.jpg
VeliTe Acnilite Advanced Mattifying Hydraboost Gel Attack symptoms of acne vulgaris Scothes Skin Reduces Reaness Hydrates Skin 30 g,ACNILITE ADVANCED MATTIFYING HYDRABOOST Gel 30gm_image_3.jpg
"Acnilite Advanced reduces sebum production, fights against blemishes & provides finer texture and matte finish totheskin: Acnilite Advanced is a specially formulated oil free gel for oily/acne prone skin. Ingredients Aqua, Propanediol and Water and Alcohol and Iris   Florentina  root   extract and  Zinc  Sulfate and Retinyl Palmitate, Niacinamide, Olive Oil PEG-7 Esters, Coco-Glucoside and Glyceryl Oleate, Acrylates/C10-30 Alkyl Acrylate Crosspolymer; Phenoxyethanol and Ethylhexyl Glycerin , Chamomile Extract, Saccharide Isomerate and Aqua and Citric Acid and Sodium Citrate, D-Panthenol, Polyquaternium-39, & - Glucan Oligosaccharide, Allantoin, Xanthan Gum, Disodium EDTA, Fragrance",ACNILITE ADVANCED MATTIFYING HYDRABOOST Gel 30gm_image_5.jpg
Composition: Hydrous Benzoyl Peroxide B.P. Equivalent to Anhydrous Benzoyl Peroxide 2.5% wlw In an aqueous gel base q.s with Glycerol and Acrylates co-polymer.,ACROBENZ 2.5% Gel 20gm_image_7.jpg
20 gm Benzoyl Peroxide B.P. Acrobenz Gel  2.5% GALAXY BIOTECH,ACROBENZ 2.5% Gel 20gm_image_5.jpg
Benzoyl Peroxide B.P. ACROBENZ Gel 2.5%,ACROBENZ 2.5% Gel 20gm_image_8.jpg
Clindamycin & Nicotinamide Gel 20 gm Acrolyn gel,ACROLYN Gel 20gm_image_4.jpg
Composition :  Clindamycin Phosphate USP Equivalent to Clindamycin 1 % wlw Nicotinamide IP 4 % wlw In Aloe Allantoin Gel base q.S.,ACROLYN Gel 20gm_image_6.jpg
Clindamycin & Nicotinamide Gel  20 gm Acrolyn gel,ACROLYN Gel 20gm_image_7.jpg
Tretinomn Gel USP A-Ret' Gel 0.05% MENARINT 20 g Tretinoin Gel USP A-Ret  Gel 0.05% MENARINT 20 g,A Ret 0.05% Gel 20gm_image_1.jpg
,ACGEL CL NANO Gel 15gm_image_1.jpg
,ACGEL NANO Gel 15gm_image_1.jpg
,ACLIND BP 5% Gel 15gm_image_1.jpg
"TEA TREE OIL ALOVERA  ALLANTOIN SOAP Acnestal BIOMEDICA Life Science Acnestal  ACNESTAL the acne care soap is manufactured with utmost care and quality from the house of Biomedica Life Sciene. where superior  quality palm-coconut soap noodles employed to offer the best result. Original Australian Tea tree Oil, Allantoin prevent and clear acne, nein 5 femovd black hcnck; Novera koop skin supple. A CNESTAL the acne care s0un soli on skin without any Eanin ollech; can be usod regularly loc oily lace While cleansing (face and shoulcer aieas with ACNESTAL soap auloy Ior minute andnen Wash Ebarally with water pmes IoiloweJovcenilu donoAso uvuilaDle Rcneslal FMlaca Kash acnaHoscs ooller skingloncontrcl and prevent",Acnestal Soap 75gm_image_1.jpg
,Acnestar S Soap 75gm_image_1.jpg
,ACNESONE Gel 20gm_image_1.jpg
Adapalene (as microspheres) 0.1%wlw & Benzoyl Peroxide (as microspheres) 2.5%wlw Gel AdaBor Gel ,Adabor Gel 15gm_image_4.jpg
Composition Adeoelene Ph.Eur Berzoy Peroxide USP In Gel Base 0.1% wlw 2.5% wlw q.S.,Adabor Gel 15gm_image_6.jpg
Adapalene (as microspheres) 1%w/w Benzoyl Peroxide (as microspheres) 2. 5%wlw Gel AdaBor Gel 15 g,Adabor Gel 15gm_image_7.jpg
Adapalene gel Adaferin GEL FOR EXTERNAL USE onLY 0.1% 15 g GALDERMA,Adaferin Gel 15gm_image_3.jpg
"Adapalene 0.1%  w/w and Clindamycin Phosphate 1% w/w Gel adalene"" nanoGel 15 g",Adalene Nano Gel 15gm_image_6.jpg
Composition: Adapalene Ph.Eur. 0.1% wlw Clindamycin Phosphate IP Eq. to Clindamycin 1 % wlw Gel base q.s.,Adalene Nano Gel 15gm_image_8.jpg
Adapalene 0.1% w/w and Clindamycin Phosphate 1% w/w Gel adalene nanoGel  Composition:  1eam Clcknon FotteCla-amio GRAS IIG nGmornc Doitt,Adalene Nano Gel 15gm_image_7.jpg
15 g Adapalene 0.1% wlw and Clindamycin Phosphate 1% wlw Gel adalene nanoGel ,Adalene Nano Gel 15gm_image_10.jpg
15g  Adapalene & Clindamycin Phosphate Gel Adamycin Gel Anhox,ADAMYCIN Gel 15gm_image_3.jpg
15g Adapalene & Clindamycin  Phiusphate Gel Adamycin Gel Anhox,ADAMYCIN Gel 15gm_image_5.jpg
15g Adaqalene & Berzoy Peroxide Gel AdaPero Gel As microsphere gel Indiabulls,ADAPERO Gel(Topical) 15gm_image_4.jpg
15 g Adapalene & Clindamycin Phosphate Gel Adaples-C  WALLACE RiVELA Microsphere Technology,Adaple C Gel 15gm_image_3.jpg
Composition: Adapalene B.P  0.1% wlw Clindamycin Phosphate I.P equivalent to Clindamycin  1.0% wlw in an aqueous gel base  q.s. Preservatives: Methylparaben I.P 0.1% wlw  Phenoxyethanol I.P  0.25% wlw,Adaple C Gel 15gm_image_5.jpg
15 gms Adapalene Gel 0.1% wlw Adapnil ,Adapnil Gel 15gm_image_5.jpg
Store in a place notreereUateng To bichd bv rutal on EfKN Composition : Adapalene 0.1% wlw in an aqueous gel base q.s. Direction for use: as directed by the Physician Replace the cap tightly  after use . Keep out of reach of children FOAFXTERNALUSE ONLY,Adapnil Gel 15gm_image_6.jpg
Composition Adapalene 0.1% wlw in an aqueous gel base q.s_,Adapnil Gel 15gm_image_7.jpg
15 gms. Adapalene Gel 0.1% W/W Adapnil ,Adapnil Gel 15gm_image_8.jpg
,Adit 0.025% Cream 20gm_image_1.jpg
ipca Adapalene Gel 0.1% w/w Adiff Aqueous 15 gm,Adiff Aqueous Gel 15gm_image_3.jpg
Clindamycin & Nicotinamide Gel Aknegate CN 20 gm iNex,AKNEGATE CN Gel 20gm_image_5.jpg
Composition Clindamycin Phosphate USP Equivalent to Clinadamycin 1% wlw Nicotinamide IP 4% wlw In Aloe (Allatoin Gel base) q.S.,AKNEGATE CN Gel 20gm_image_7.jpg
Clindamycin & Nicotinamide Gel Aknegate CN iNex,AKNEGATE CN Gel 20gm_image_8.jpg
Composition: Salicylic Acid Ointment BaseTo be used only under Medical Supervision  6% wlw Storage : Store in cool place For External Use Only,AKRALIC 6% Ointment 30gm_image_4.jpg
Salicylic Acid Ointment Akralic  6% SANGROSE 30g,AKRALIC 6% Ointment 30gm_image_3.jpg
Adapalene & Clindamycin Phosphate Gel 15 g ALIGHT PLUS GEL ,Alight Plus Gel 15gm_image_4.jpg
Adapalene & Clindamycin Phosphate Gel ALIGHT PLUS Gel ,Alight Plus Gel 15gm_image_6.jpg
,ALITE ANTI ACNE Gel 15gm_image_1.jpg
Composition Clindamycin Phosphate IP eqv. to Clindamycin 1 % wlw Gel Base q.s.,Allyte 1% Gel 20gm_image_6.jpg
Clindamycin Phosphate Gel USP 1 % w/w Allyte  Talnz 20 gm Nextgen,Allyte 1% Gel 20gm_image_4.jpg
Clindamycin Phosphate Gel USP 1% wlw Aiiyte  20 gm  Nextgen,Allyte 1% Gel 20gm_image_7.jpg
R ISOTRETINOIN CAPSULES IP 20mg. Altret-20 1 X10 Capsules,ALTRET 20 Capsule 10's_image_5.jpg
COMPOSITION Each Soft gelatin capsule contains Isotretinoin IP 20 mg  Excipients  q.S_,ALTRET 20 Capsule 10's_image_7.jpg
,ALTRET 20 Capsule 10's_image_9.jpg
15g Azihromycin & Adapalene Gel ATM-A Gel ,ATM A Gel 15gm_image_5.jpg
Composition: Each gram contains: Azithromycin I.P 2% wlw Adapalene 0.1% wlw In Gel base Excipients q.s,ATM A Gel 15gm_image_7.jpg
Azihromycin & Adapalene Gel ATM-A Gel ,ATM A Gel 15gm_image_8.jpg
Azelaic Acid Cream-20% wlw AZ-acnewin 20 Cream,AZ ACNEWIN 20% Cream 15gm_image_5.jpg
Composition Azelaic Acid 20%  w/w In a cream base q.s STORE INA COOL DARK DRY PLACE. DO NOT FREEZE Keep out of reach of children Application : AS directed by physician Tte For Extomal Use Only,AZ ACNEWIN 20% Cream 15gm_image_6.jpg
Azelaic Acid Cream -20% WIw AZ-acnewin 20 Cream 15g,AZ ACNEWIN 20% Cream 15gm_image_8.jpg
Azac MULTI ACTION ACNE SOAP,Azac Soap 75gm_image_2.jpg
"Azac Soap provides Keratolysis Clears Follicle of acne causing bactaria, checks excess oiliness without drying the skin and prevents scar formation; Azac also lightens the skin complexion provides the required glow Wash Face, Chest, Upper Arms twice a a day Do not allow lather to enter eyes.In case of irritation wash with water Azac best suited for tender skin of women: To be sold on retail counter on the prescription of a Registered Medical Practitioner only: INGREDIENTS Soap from Vegetable Oils, Fragrance, Colour: ACTIVE INGREDIENTS Azelaic Acid IP 6% Wlw, Wheat Germ Oil 0.5% Wlw.",Azac Soap 75gm_image_3.jpg
azalea acne face wash,AZALEA ACNE FACE WASH 100ml_image_3.jpg
Micronised Azelaic Acid Cream 1O% wlw Aziderm-10% Cream 15 g,Aziderm 10% Cream 15gm_image_4.jpg
Composition Azelaic Acid 10% w/w Benzoic Acid IP 0.2% wlw (as preservative) in a cream base  Store at a temperature not excoeding 25*C. Do not freeze Indications For the treatment of Acne Vulgaris Avoid contact with eyes and mucous membranes Directions for use Apply gently on the affected areas or as directed by the Physician. WARNING To be sold by retail on the prescription of a Registered Medical Practitioner only.,Aziderm 10% Cream 15gm_image_5.jpg
Composition: Azelaic Acid 10% wlw Benzoic Acid IP 0.2% wlw in a cream base   (as preservative),Aziderm 10% Cream 15gm_image_6.jpg
Azelaic Acid Cream 10% w/w Aziderm -10% cream ezx 0a2 0a134-px Comnoriion jo7 Donexuert UU3ToMly 15 g,Aziderm 10% Cream 15gm_image_7.jpg
Azelaic Acid Gel 10% wlw Aziderm-10% Gel  15g MICRONISED 15g ,Aziderm 10% Gel 15gm_image_5.jpg
"Aziderm-10% Gel Composition - Azelaic Acid in a gel base 10% w/w Store at  temperature not exceeding 25C. Do not freeze Indications: For the treaiment of  Acne vulgaris, Avoid contact with eyes and mucous Memoranes Directions for use: Apply gently  on the affected areas or as directed by the Physician WARNING: To be sold by retail on the prescription of a Registered Medical Practitioner only;For EXTERNAL USE ONLY to BE USED Under MEDICAL SUPERvISION ONLY;Made in india by MICRO LABS LIMITED IPCOT Industria Complex HOSUR-635 126 (TN ) Regd . Trade Mark",Aziderm 10% Gel 15gm_image_6.jpg
Composition:   Azelaic Acid in a gel base 10% wlw,Aziderm 10% Gel 15gm_image_7.jpg
Azelaic Acid Gel 10% wlw Aziderm-10% Gel  ,Aziderm 10% Gel 15gm_image_8.jpg
Azelaic Acid Gel 15% wlw Aziderm-15% Get MICRONISED 15g,Aziderm 15% Gel 15gm_image_5.jpg
Aziderm-15%  gel Composition Azelaic Acid 15% wlw in gel base Store al temperature not exceeding 25*C. Do not freeze Indicalions: For the treatment of Acne vulgaris: Avoid contact with eyes and mucous membranes Directions for use: Apply gently on the affected  areas Or as directed by the physician WARNING: To be sold by retail on the prescription of a  Registered Medical Practioner only:For EXTERNAL USE ONLY: To BE USED MedicaL SUpEVISION ONLY. Nade Jndia MICRO LABS LIMITED IPCOI Incustna Cample? HOSUR-635 126 (TNA Reqo Irade Marr,Aziderm 15% Gel 15gm_image_6.jpg
Composition Azelaic Acid In a gel base 15% wlw,Aziderm 15% Gel 15gm_image_7.jpg
Azelaic Acid Gel 15% wlw Aziderm-15% Gel 150g  MICRONISED,Aziderm 15% Gel 15gm_image_8.jpg
"Micronised Azelaic Acid Cream 20% wlw Aziderm"" Cream 15 g",Aziderm 20% Cream 15gm_image_4.jpg
Composition: Azelaic Acid in a cream base.20% wlw,Aziderm 20% Cream 15gm_image_6.jpg
Composition Azelaic Acid 20% wlw in a cream base. Store at temperature not exceeding 25 C. Do not freeze. Indications: For the treatment of Acne vulgaris Avoid contact with eyes and mucous membranes Directions for use: Apply gently on the affected areas or as directed by the Physician. WARNING To be sold by retall on the prescriplion of Registered Medical Practitioner only.,Aziderm 20% Cream 15gm_image_5.jpg
Azelaic Acid Cream 20% wlw Aziderm Cream vots #f Cnet Composition 308 FOR EXEANAL UBe ONLY  15 g ,Aziderm 20% Cream 15gm_image_7.jpg
Aziderm-20% Gel Composition Azelaic Acid 20% W/w gel base Store at  a temperature not exceeding 25*C. Do nol freeze  Indicalions: For the treatment of Acne vulgaris. Avoid contact with eyes and mucous membranes:Directions for use: Apply gently on the  affected areas Of directed by the Physician WARNING: To be sold by retail on the prescription of Registered Medical Practitioner only. FOR EXTEANAL USE ONLY To BE USED UndeR MEDICAL SUPERVISION ONLY. Mfg Lic No KTK/25/49/67 Made India by MICRO LABS LIMITED 67/684  3rd Phaso Indusinal Area Peenyd Bengalun-560 058 Audu Trado Mant,Aziderm 20% Gel 15gm_image_4.jpg
Composition Azelaic Acid In a gel base 20% W/w,Aziderm 20% Gel 15gm_image_5.jpg
"Azelaic Acid Cream 15% W/w Brinton"" Azobril"" Cream 20 gm",Azobril 15% Cream 20gm_image_2.jpg
Azelaic Acid Cream 20%  W/W Brinton Azobril Forte Cream 20 gm,AZOBRIL FORTE Cream 20gm_image_5.jpg
Brinton Azelaic Acid Cream 20% w/w Azobril Forte Cream,AZOBRIL FORTE Cream 20gm_image_8.jpg
Adapalene & Clindamycin Gel 15g AD-C NANO Gel ,AD C Nanogel 15gm_image_4.jpg
Composition Clindamycin Phosphate IP Eq: to Clindamycin 1.00% wlw Adapalene BP 0.10% wlw In a Aloe-Allantoin Gel Base q.s Dosage As directed by the Physician,AD C Nanogel 15gm_image_6.jpg
Adapalene & Clindamycin Gel AD-C NANO Gel,AD C Nanogel 15gm_image_7.jpg
20 g R Clindamycin Phosphate & Adapalene Gel Adapic-C Gel ATOPIC dermacare,ADAPIC C Gel 20gm_image_3.jpg
COMPOSITION : Clindamycin Phosphate IP equivalent to Clindamycin 1.0% wlw Adapalene BP 0.1% wlw Aloe-Allantoin Gel Base q.s. Application : As directed by the Physician,ADAPIC C Gel 20gm_image_5.jpg
30 g R Clindamycin Phosphate & Adapalene Gel Adapic-C Gel ATOPIC DERIMOCARE,ADAPIC C Gel 30gm_image_5.jpg
COMPOSITION : Clindamycin Phosphate IP equivalent to Clindamycin 1.0% wlw Adapalene BP 0.1% wlw Aloe-Allantoin Gel Base q.s.  Application : As directed by the Physician,ADAPIC C Gel 30gm_image_7.jpg
Composition: Trotinoin USP  0.012% w/w  in a gel base  q.s. in coola de Ac Protectrom dufecieunlaht To ba UirdoyunduxNdanana Roic Cla bonbcr dalc Ulom FOR EXTERNAL USE ONLY,ARITOP 0.012% Gel 20gm_image_4.jpg
20 g Tretinoin Gel USP (as Microsphere) Aritop 0.012%  Gel ATOPIC DERMOCARE,ARITOP 0.012% Gel 20gm_image_3.jpg
20g R Cindamycin Phosphate & Nicotinamide Gel Atclin GEL ATOPIC  DERMOCARE,ATCLIN Gel 20gm_image_5.jpg
COMPOSITION Clindamycin Phosphate  IP equivalent to Clindamycin 1.0% wlw Nicotinamide IP 4.0% wlw Aloe-Allantoin Gel Base q.s. Application : As directed by the Physician.,ATCLIN Gel 20gm_image_7.jpg
20 g R Clindamycin Phosphate & Nicotinamide Gel Atclin GEL ATOPIC DERMOCARE,ATCLIN Gel 20gm_image_8.jpg
Azelaic Acid Cream Adac  Cream 15 % iNNOVATIVE,ADAC 15% Cream 15gm_image_5.jpg
Composition: Azelaic Acid 15% w/w Excipients q.$.,ADAC 15% Cream 15gm_image_7.jpg
Azelaic Acid Cream Adac Cream 15 % INNOVATIVE 15 gm,ADAC 15% Cream 15gm_image_8.jpg
,AKRALIC 12% Ointment 30gm_image_1.jpg
,ALTRET 10 Capsule 10's_image_1.jpg
Adapalene Gel H lnerds Apgel 10 g,AP Gel 10gm_image_1.jpg
,ATRET 0.025% Cream 30gm_image_1.jpg
Ipca Adapalene 0.1 % & Benzoy Peroxide 2.5 % Gel Bdiff A 15g  Ipca Adapalene 0.1 % & Benzoy Peroxide 2.5 % Gel Bdiff A 15g,Bdiff A Gel 15gm_image_1.jpg
Clindamcin Phosphate and Hydrous Benzoyl Peroxide Gel BCDUO Gel,BCDUO Gel 20gm_image_5.jpg
20gm Clindamycin Phosphate and Hydrous Benzoyl Peroxide Gel Composition: Clindamycin Phosphate IP eq. to Clindamycin 1% wlw Hydrous Benzoyl Peroxide IP eq. to Anhydrous Benzoyl Peroxide 2.5% wlw Gel base q.s. Dosage : As directed by the Physician.  ourtdtrunDoncInntn S09tn slort Bonn 0to33c Proodnde!dr; AenaneKeep GutofrechofMoRCYchma HnealQuiichAdcetrdatmdmtarcattt KoneentorditnttnmaFOR EXTEANAL UseonLyOotnetee LIVIA Livia HEALTHCARE LygoscauscrtceeJca Ini Nosbhamato DaoE Ta erum etaji Juubaotecalcr: Ecat Trmhd binnkeaites a jutt Wuano tnartrantnetne CratnenenanUne Teuco176302(2dLIVIA,BCDUO Gel 20gm_image_6.jpg
R Composition: Clindamycin Phosphate IP eq. to Clindamycin 1% wlw Hydrous Benzoyl Peroxide IP eq. to Anhydrous Benzoyl Peroxide 2.5% wlw Gel base q.s. Dosage : As directed by the Physician.,CLINDASIL Gel 15gm_image_5.jpg
Clindamycin Phosphate and Hydrous Benzoyl Peroxide Gel BCDUO Gel 20gm,BCDUO Gel 20gm_image_8.jpg
Adapalene & Clindamycin Gel  Belclin-A   15g,BELCLIN A Gel 15gm_image_5.jpg
Compositon: Each gram  of gel contains: Adapalene USP 1mg Clindamycin Phosphale IP equivalent to Clindamycin 10 mg In a gel base q.s. Store at a temperature below 30*C. Do not freeze FOR EXTERNAL USE ONLY KEEP OUT OF REACH OF CHILDREN. Caution : It Is dangerous to  take this preperation except under medical  Usage: As directed by the Physician. Replace cap lighily after use,BELCLIN A Gel 15gm_image_6.jpg
Composition: Each gram of gel contains: Adapalene USP 1 mg Clindamycin Phosphate IP equivalent to Clindamycin 10 mg In a gel base q.s. Usage: As directed by the Physician.,BELCLIN A Gel 15gm_image_7.jpg
Bellissa Lovely Onde For Everyone Bellissa Acne Soap 75 g,BELLISSA ACNE Soap 75gm_image_4.jpg
"Bellissa Acne Soap Bellissa Manufactured in India by: Neo Toils Industries, 39, Manik Baug Vadgaon (Bk) Sinhgad Road, Pune 411051. INGREDIENTS Soap Noodles, Glycerin, Manuka Extract, Willow Extract, Tea Tree Oil, Aloe Extract , Olive Extract, Zinc PCA, Ethyl Lactate , Fragrance, EDTA , Titanium Dioxide, Triclosan, BHT, Water Q.S. Marketed by: Bellissa Pharmaceulicals Pvt. Ltd. 17/43 N.S C Bose Road, 2/30, Ashoke Nagar, Kolkata 700040. West Bengal, India Bellissa Acne Soap is specially blended as an adjuvant to anti-acne treatment and fortified with both natural and synthetic  oleo chemical based surfactants. Bellissa Acne Soap is a  gentle cleanser with excellent moisturisers, emollients and natural skin nourishers with anti-bacterial; anti-septic, anti-microbial and anti-inflammatory properties.  Use Bellissa Acne Soap along  with  with anti-acne medicalions as an adjuvantfor better results. Registered Trade Mark  For Customer Care :  Contact customer care officer at the  above marketing  office address or Call:  +913324710098 or   Email:  contact@bellissapharma.com",BELLISSA ACNE Soap 75gm_image_5.jpg
"Bellissa  Acne Soap Bellissa  Acne Soap Belllssa Belissa Bellissa Soap Bellissa Acne Soap Acne Belllissa"" Belllssa Bellissa"" Soap Bellissa"" Acne Acne Soap Belissa  Belissa Bellissa"" Soap Bellissa' Acne Acne",BELLISSA ACNE Soap 75gm_image_7.jpg
"INGREDIENTS Soap Noodles, Glycerin, Manuka Extract, Willow Extract, Tea Tree Oil, Aloe Extract, Olive Extract, Zinc PCA, Ethyl Lactate, Fragrance, EDTA, Titanium Dioxide, Triclosan, BHT, Water Q.S. Bellissa Acne Soap is specially blended as an adjuvant to anti-acne treatment and fortified with both natural and synthetic oleo  chemical  based surfactants. Bellissa Acne Soap is a gentle cleanser with excellent moisturisers, emollients and natural skin nourishers with anti-bacterial, anti-septic, anti-microbial and anti-inflammatory properties. Use Bellissa Acne Soap along with  anti-acne medications as an adjuvant for better results.",BELLISSA ACNE Soap 75gm_image_6.jpg
Benzoyl Peroxide Gel I.P. 2.5% Bengel  Gel 20 Gm,BENIGLO 2.5% Gel(topical) 20gm_image_1.jpg
Benzoyl Peroxide Gel I.P. 5% Beniglo-5 Gel 20 Gm,BENIGLO 5% Gel(topical) 20gm_image_3.jpg
"Composition: Hydrous benzoyl peroxide IP Equvalent to  Anhydrous Benzoyl peroxide 5% w/w Aqueous gel base q.s. Ca Aqjueexs #el bxseHoR AAL Ust OS'Cy 4abtnnttn {atuemhtu ""7y"" [VanfeKim Aeedmhat m",BENIGLO 5% Gel(topical) 20gm_image_4.jpg
Benzoyl Peroxide Gel I.P. 5% Beniglo-5 20 Gm Gel,BENIGLO 5% Gel(topical) 20gm_image_5.jpg
,BENLITE 2.5% Gel 20gm_image_1.jpg
Benzoyl Peroxide Gel IP Benxop 5 Gel 20g,BENXOP 5 Gel 20gm_image_4.jpg
Benzoyl Peroxide Gel IP Benxop 5 Gel,BENXOP 5 Gel 20gm_image_6.jpg
Composition: Direction for use: As directed by the Physician. Adapalene BP  0.1% wlw Close Cap tightly after every use. Hydrous Benzoyl Peroxide  2.5 % w/w (as microsphcre)  USP Ketp out cltejcn chibien: Equivalent to  Benzoy  Peroxide 25 % w/w Keep away from heat.  Store below 25*C in dry and dark place. In gel base q.s. Do not freeze ,BENZ ADP Gel 15gm_image_5.jpg
Benzoyl Peroxide 2.5% & Adapalene 0.1% Gel Benz ADP TM gel Net   15g,BENZ ADP Gel 15gm_image_4.jpg
Composition: Adapalene BP 0.1%wlw Hydrous Benzoyl Peroxide USP Equivalent to Benzoyl Peroxide 2.5%wlw (as microsphere) In gel base q.s,BENZ ADP Gel 15gm_image_6.jpg
2.5 % Benzoyl Peroxide  Benzoyl Peroxide Gel IP Benzac AC 30 g GALDERMA,BENZAC AC 2.5% Gel 30gm_image_4.jpg
"Manufactured by: Encube Ethicals Pvt. Ltd Plot No C1: Madkaim Ind Estate. Madkaimn, Post Mardol, Ponda Goa 40} 404. Benzac is a registered trademark. Marketed by: Galderma India Private Limited (Formerly known as Mestle Skin Health India Prwvate Limnited) Floor D Wing Unit No: 801 802, Lolus Coiporale Palk, Ofl Westein Express Highway, Goregaon East; Mumbai Mahatashira, India; 400063.",BENZAC AC 2.5% Gel 30gm_image_6.jpg
Composition: Hydrous Benzoyl Peroxide IP Equivalent to  Anhydrous Benzoy Peroxide 2.5% w/w  Aqueous gel base q.s.  with Ghycerol and Acrylatces co-polymer Mfg  Lic. No. 361 Directions: See package insert: Store at temperature not exceeding 25*C. Do not freeze  Keep the tube tightly closed After use Avoid contact with eyes and mouth: Keep out of reach of children.,BENZAC AC 2.5% Gel 30gm_image_5.jpg
MRP (Inclusive of all taxes) Rs:B.No. Mfg. Date: Exp: Date:,BENZAC AC 2.5% Gel 30gm_image_7.jpg
5 % Benzoyl Peroxide Benzoyl Peroxide Gel IP Benzac AC GEL FOR EXTERNAL USE ONLY 30 g GALDERMA,BENZAC AC 5% Gel 30gm_image_5.jpg
"Composition: Hydrous Benzoyl  Peroxide IP  Equivalent to Anhydrous  benzoyi Peroxide 5% w/w Aqueous gel base q.s. with Glycerol and Acrylates, co-polymer Mfg. LIC. NO. 361 Directions: See package insert. Store at temperature not exceeding 25*C Do not freeze. Keep the tube tightly closed after use. Avoid contact with eyes and mouth: Keep out of reach of children:",BENZAC AC 5% Gel 30gm_image_6.jpg
"Manufactured by: : Encube Ethicals Pvt: Ltd plot No. C1 Madkalm Ind. Estate, Madkaim, Post Mardol, Ponda, Goa -4034040  Benzac is a registered trademark  Marketed by: Galderma India Private Limited (formerty known as Nestle Skin Health India Private Limited)  8 Floor , D Wing:  Unit No 801 &  802, Lotus Cooporate Park off  Western Express Highway Goregaon East Mumbai Moharashura; India, 400063",BENZAC AC 5% Gel 30gm_image_7.jpg
Benzoyl Peroxide Gel IP Benzac AC 5%  Benzoyl Peroxide GEL GALDERMA,BENZAC AC 5% Gel 30gm_image_8.jpg
"Benzoyl Peroxide Gel IP Benzac AC GEL 5% For external use only 20g GALDERMA Manufactured by: Encube Ethicals Pvt Ltd: Plot No. C1, Madkaim Ind, Estate, Madkaim Post Mardol, Ponda Goa 403 404 Marketed by: Nestle Skin Health India Pvt: Ltd: (Formerly known as Galderma India Pvt. Ltd. ) Lotus Corporate Park, D Wing; Unit 801 602, Graham Firth Steel Compound, Western Express Highivay, Goregaon (East), Mumbai 410 063, India Benzac Is a trademark cf Nestle Skin Health SANACJACO",Benzac AC 5% Gel 20gm_image_1.jpg
Greaseless medication for acne vulgarts BenZOYL PEROXIDE GEL I.P. BENZER 2.5 Gel  tatent Indiaa Greaseless medication for acne vulgarts BenZOYL PEROXIDE GEL I.P. BENZER 2.5 Gel  tatent Indiaa,Benzer 2.5% Gel 20gm_image_1.jpg
Composition: Adapalene  0.1% w/w Benzoyl Peroxide eq. to Anhydrous Benzoyl Peroxide 2.5w/w Gel Base q.s. Caution: Avoid Contact with eyes Store in cool place: Do not freeze To be applied as directed by the Physician. Warning be sold bY retail without the prescription of a  Registered Medical Practitioner,BENZADAF Gel 15gm_image_6.jpg
Adapalene & Benzoyl Peroxide Gel BENZADAF Gel 15 gm,BENZADAF Gel 15gm_image_5.jpg
Composition: Adapalene 0.1%wlw Benzoyl Peroxide BP eq: to Anhydrous Benzoyl Peroxide 2.5wlw Gel Base q.s,BENZADAF Gel 15gm_image_7.jpg
Adapalene Benzoyl Peroxide Gel BENZADAF Gel ,BENZADAF Gel 15gm_image_8.jpg
Benzoact,BENZOACT Soap 75gm_image_9.jpg
75gm Benzoyl Peroxide Soap 2.5% Benzoact Medicated Soap,BENZOACT Soap 75gm_image_5.jpg
"Composition Benzoyl Peroxide IP 2.50% w/w soap Noodle base  q.s. Approved colour used Direction for use:  Use Benzoact Soap on all affected  parts of skin and lather Leave it for few  minutes and then  rinse with water, for ancefree skin use   2-3 times daily or as directed by the physician. Bunzoact Soap Gradually liberates oxygen ( in the presence of water ) which kill bacteria  and treats  Acne Rosaces & Acne yulqaris also removes dirts & Execess oil. Use in acne treatment  Net.Wet: 75gm (when Packed)  Likely to loose weight due to moisture loss. Mfd. by : BCL Phrma (A GMP Certified Company) Rampur Marji, Dhaulakuan, Distt, Sirmaur, H.P  Warning : Not to be sold by retail without the prescription of a Registered Medical Practitionner",BENZOACT Soap 75gm_image_6.jpg
Composition Benzoyl Peroxide IP 2.50% w/w soap Noodle base q.s. Approved colour used .,BENZOACT Soap 75gm_image_7.jpg
"For EXTERNAL USE ONLY Marketed by: MedNova Laboratories shop no 37. PLot No C/04, Sector 12, Kharghar, Navi Mumbai - 410210 Customer Care: + 91 9137658217 Mfg. Lic.No. : N-MNB/14/148 & N-Mb/14/149 Batch No : ",BENZOACT Soap 75gm_image_8.jpg
50 ml Benzoyl Peroxide Lotion USP 2.5%  w/w BENZONAK 2.5% Lotion Praise Pharma,BENZONAK 2.5% Lotion 50ml_image_5.jpg
"Composition :  Hydrous Benzoyl Peroxide IP EQV.to (anhydrous) Benzoyl Peroxide 2.5% w/v Aqueous base q.s. Preservative: Sodium Methyl Parabe, IP 0.2 % w/v Sodium Propyl Paraben IP 0.025 % w/v  Description :   Apply the affected area Or directed by  phyician  . store at the temperature not exceeding 25 C . Do not freeze . Protect from heat & light . keep the container tightly closed after Use ",BENZONAK 2.5% Lotion 50ml_image_6.jpg
"Mfg. Lic. No 105/UA/2006 Batch No :  Mfg. Date:  Exp. Date : MRP Rs (Incl all taxes) Marketed by: Praise Pharma GR FL, Block No.1 No.222/6 Paul Warehouse, Dhangar Wasb Mahabt) Phule Naqa . Mant Fat 412300 La nine c #ncaiscenanina coin",BENZONAK 2.5% Lotion 50ml_image_7.jpg
50 ml Benzoyl Peroxide Lotion USP 2.5%  w/v BENZONAK 2.5% Praise Phama,BENZONAK 2.5% Lotion 50ml_image_8.jpg
Benzoyl Peroxide Lotion USP 5% w/w 50 ml BENZONAK 5% Lotion Praise Pharma,BENZONAK 5% Lotion 50ml_image_6.jpg
Benzoyl Peroxide Lotion USP 5% w/v 50 ml BENZONAK 5% Lotion Praise Paim,BENZONAK 5% Lotion 50ml_image_9.jpg
"Mfg: Lic: No: 105/UA/2O06   Batch No:  Mlg. Date:  Exp. Date:  MRP Rs:  : (Incl  of all taxes) Marketed by: Praise Pharma GR FL, Block No.1, S.No. 222/6, Paul Warehouse, Dhangar Wasti Mahalma Phule Nagar; Uruli Devachi; Tel. Haveli, Dist Pune 412308 Maharashtra.",BENZONAK 5% Lotion 50ml_image_7.jpg
Composition :  Benzoyl Peroxide IP Eqv. to (anhydrous) Benzoyl Peroxide 5% w/v Aqueous base q.s. Preservative: Sodium Methyl Paraben IP 0.2%  w/v Sodium Propyl  Paraben IP  0.025% w/v Description: Apply over the affected area or as directed by physician .Store at temperature not exceeding 25*C.  Do not feeze . Protect from heat & light .  Keep the container tightly closed after use.  CAUTION : Avoid contact with eyes and mouth Keep out of reach of children For Dermatologic use.  ,BENZONAK 5% Lotion 50ml_image_8.jpg
Benzoyl Peroxide Gel BP 5 % wlw. Benzonext 5  20g,Benzonext 5% Gel 20gm_image_4.jpg
"Composition: Hydrous Benzoyl Peroxide BP equivalent to Anhydrous Benzoyl Peroxide 5%  wlw in  an aqueous gel base q.s.  Storage: Store in a cool, dry & dark place: Do not freeze Keep the Medicine out of reach of children. Direction:  As directed by the physician. Replace the cap tightly after use Avoid contact with eyes. FOR EXTERNAL USE ONLY.",Benzonext 5% Gel 20gm_image_5.jpg
Composition: Hydrous Benzoyl Peroxide BP Equivalent to Anhydrous Benzoyl Peroxide 5% wlw In an aqueous gel base Q.S.,Benzonext 5% Gel 20gm_image_6.jpg
Benzoyl Peroxide Gel BP 5 % w/w Benzonext 5 20g,Benzonext 5% Gel 20gm_image_7.jpg
Benzoyl Peroxide Gel BP 2.5% wlw Benzonext 20g,Benzonext Gel 20gm_image_4.jpg
Benzoyl Peroxide Gel Bp 2.5% w/w Benzonext 20g,Benzonext Gel 20gm_image_6.jpg
Benzonix Benzoyl Peroxide Gel IP  Benzonix GEL WASH FOR TOPICAL  USE Canixa,BENZONIX Gel Wash 50gm_image_4.jpg
Benzoyl Peroxide Gel IP Benzonix GEL WASH For TOPICAL USE Canixa,BENZONIX Gel Wash 50gm_image_6.jpg
Benzoyl Peroxide Gel IP  20 g Acne Treatment Gel Benzoyl Peroxide Gel IP (20g) Acne Treatment Gel,BENZOYL PEROXIDE (NANZ) Gel 20gm_image_2.jpg
Composition Hydrous Benzoyl Peroxide BP Equivalent to  Anhydrous Benzoyl Peroxide 2.5% W/W  in an aqueous gel base q.s. With Glycerol and Acrylates co-polymer Replace cap tighly closed after Use Direction for use directed by the PhysicianAvoid contact with eyes. Warning : T o be sold by retail on the prescription of a  Reqistered Medical Praclilionner only.   ,BENZRIN AC 2.5% Gel(topical) 20gm_image_6.jpg
Composition Hydrous Benzoyl Peroxide BP Equivalent to Anhydrous Benzoyl Peroxide 2.5% wlw In an aqueous gel base q.s With Glycerol and Acrylates co-polymer.,BENZRIN AC 2.5% Gel(topical) 20gm_image_7.jpg
Benzoyl Peroxide Gel BP 2.5% wlw Benzrin-AC Gel 2.5% ,BENZRIN AC 2.5% Gel(topical) 20gm_image_8.jpg
20g Benzoyl Peroxide Gel BP 2.5% wlw Benzrin-AC Gel 2.5% ,BENZRIN AC 2.5% Gel(topical) 20gm_image_5.jpg
Benzoyl Peroxide Gel BP 5.0% wlw Benzrin-AC gel 5% ,BENZRIN AC 5% Gel(topical) 20gm_image_3.jpg
15 gm Clindamycin & Benzoyl Peroxide Gel BEPEROX DUO GEL Caryota,BEPEROX DUO Gel 15gm_image_6.jpg
Composition Clindamycin Phosphate U.S.P equivalent to Clindamycin 1.0% wlw Hydrous Benzoyl Peroxide B.P. equivalent to anhydrous Benzoyl Peroxide Gel 2.5% wlw base q.s.  ,BEPEROX DUO Gel 15gm_image_8.jpg
15g Clindamycin & Benzoyl Peroxide Gel BEPEROX  DUO GEL,BEPEROX DUO Gel 15gm_image_10.jpg
"Composition: Hydrous Benzoyl Peroxide eq. to Anhydrous Benzoyl Peroxide  B.P.  2,5% wlw  iN aqueous Gel base q.s. Directions For Use:  as directed by physician  Storage: Store  in cool and dry place Do  not freeze Keep out of reach of children. Warning: To be sold by the retail On the prescription of  Registered Medical practitioner only.",BEROX Gel 20gm_image_4.jpg
Benzoyl Peroxide Gel 20 gm Berox Gel,BEROX Gel 20gm_image_3.jpg
Benzoyl Peroxide Gel Berox Gel 20 gm,BEROX Gel 20gm_image_5.jpg
20 gm Adapalene (as Microspheres) & Benzoyl Peroxide Gel Berox AD Gel ,BEROX AD Gel 20gm_image_4.jpg
Composition: Adapalene (as Microspheres) 0.1% w/w Hydrous Benzoyl Peroxide eq. to Benzoyl Peroxide B.P. 2.5% wlw Gel base q.s.   Keep the medicine out of reach children.   Keep away from heat and protect from light. Store below 25 C.  Do not freeze. Replace the cap tightly after use.  Warning: To be sold by retail on Ihe prescription of a Dermatologist only.,BEROX AD Gel 20gm_image_5.jpg
Adapalene (as Microspheres) & Benzoyl Peroxide Gel Berox AD Gel ,BEROX AD Gel 20gm_image_7.jpg
CLARITHROMYCIN GEL BIOMYCIN 15g,BIOMYCIN Gel 15gm_image_4.jpg
CLARITHROMYCIN GEL BIOMYCIN,BIOMYCIN Gel 15gm_image_7.jpg
Composition: Hydrous Benzoyl Peroxide IP eq. to Anhydrous Benzoyl Peroxide 2.5% w/w In an aqueous base with Glycerol and Acrylates Co-polymer.,BENCLEAR 2.5% Gel 20gm_image_6.jpg
icon Benzoyl Peroxide Gel IP 20 gm Benclear 2.5%,BENCLEAR 2.5% Gel 20gm_image_5.jpg
icon Benzoyi Peroxide Gel IP Bencleare 2.5% 20 gm,BENCLEAR 2.5% Gel 20gm_image_8.jpg
icon Benzoyl Peroxide Gel IP 20 gm Benclear 5.0%,BENCLEAR 5% Gel 20gm_image_4.jpg
FOR EXTERNAL USE ONLY Composition: Hydrous Benzoyl Peroxide IP eq. to Anhydrous Benzoyl Peroxide 5% w/w In an aqueous base with Glycerol and Acrylates Co-polymer. ,BENCLEAR 5% Gel 20gm_image_6.jpg
icon Benzoyi Peroxiae Gel IP Benclear 5.0% 20 am,BENCLEAR 5% Gel 20gm_image_7.jpg
icon Benzoyl Peroxide and Adapalene Gel Benclear-A,BENCLEAR A Gel 15gm_image_4.jpg
FOR EXTERNAL USE ONLY Composition Hydrous Benzoyl Peroxide IP eq. to Anhydrous Benzoyl Peroxide 2.5% w/w Adapalene BP 0.1 % wlw (As Microspheres) In a gel base,BENCLEAR A Gel 15gm_image_6.jpg
icon Benzoyl Peroxide and Adapalene Gel Benclear-A,BENCLEAR A Gel 15gm_image_7.jpg
Benzoyl Peroxide Gel IP Benlite 5% 20 gm,BENLITE 5% Gel 20gm_image_5.jpg
FOR EXTERNAL USE ONLY Composition: Hydrous Benzoyl Peroxide IP eq. to Anhydrous Benzoyl Peroxide 5% w/w In an aqueous base with Glycerol and Acrylates Co-polymer. Direction for use : As directed by the Physician,BENLITE 5% Gel 20gm_image_7.jpg
Benzoyl Peroxide Gel IP Benlite 5%,BENLITE 5% Gel 20gm_image_8.jpg
Benzoyl Peroxide & Adapalene Gel Benlite-A 15 gm INNOVATIVE,BENLITE A Gel 15gm_image_5.jpg
Composition Hydrous Benzoyl Peroxide IP eq. to Anhydrous Benzoyl Peroxide 2.50/ wlw Adapalene BP 0.1% w/w  (As Microspheres) In a gel base,BENLITE A Gel 15gm_image_7.jpg
Benzoyl Peroxide & Adapalene Gel Benlite-A 15 gm INNOVATIVE,BENLITE A Gel 15gm_image_8.jpg
" Clindamycin, Clotrimazole & Tinidazole Softgels for Vaginal Use Candizest-CT 1x 7 Softgels INNOVATIVE",CANDIZEST CT Softgel 7's_image_5.jpg
"Candizest-CT Each soft gelatin vaginal capsule contains : Clindamycin Phosphate IP eq. to Clindamycin 100 mg Clotrimazole IP 100 mg   Tinidazole 100 mg  Excipients q.s.  Approved colours used in soft gelatin capsule shells. Dosage : One  suppository should be inserted  into the vagina for 7 consecutive nights, preferably before retiring bed. should timed to avoid the menstrual  cycIe or as  directed by the Gynaecologist . Storage : Must be stored in a cool dry & dark place below 25""C . Protect from direct sunlight , heat & moisture. Keep the medicine out of reach of children.  SchEDuL PrESCriPTON DaUG-caUtion 81/904298//126201 ne,olo Dvictoil ~thout tnz eicriplion Registe ed Medical Practitioner    Inclusive of all taxes Treatment Mfg: Lic No. MNB/20/1108 MB2O/1109  Batch No: Mfg: Date Exp. Date   MRP : Per strip of 7 Soft Gelatin Capsules ; ORly FoRVAGINAL inseRToR NOTFOR ORAL USEMarketed by INNOVATIVE PHARMACEUTICALS PVT: LTD: Admn; Off ; I7th Floor Lodha Supremus; Opp MTNL; JVLR, Saki Vihar Road, Powai; Mumbai - 72 Rega; Off: Wadi - 440 023 Trademark applied forMig by : Capsoft Healthcare Pvt; Ltd, (An ISO GMP Certihed Company) ched Khasta 761, Khalsa Complex; Village Karuna Sai Road, Badd sqian 173205 (HPI",CANDIZEST CT Softgel 7's_image_6.jpg
Each soft gelatin vaginal capsule contains :  Clindamycin Phosphate IP eq. to Clindamycin  100 mg Clotrimazole IP  100 mg Tinidazole IP 100 mg Excipients q.s.,CANDIZEST CT Softgel 7's_image_7.jpg
,CANDIZEST CT Softgel 7's_image_9.jpg
"velite Carez-FW FACE WASH With Triclosan, Allantoin, Vitamin E & Tea Tree Oil",CAREZ FW Face Wash 75ml_image_3.jpg
Composition Clindamycin Phosphate IP eq. to Clindamycin 1 % wlw    Adapalene BP   0.1 % wlw Preservatives :  Methylparaben IP 0.1 % wlw Phenoxyethanol IP 0.25 % w/w  Gel base  q.5.,CLANISOL AD Gel 15gm_image_7.jpg
15 g Clindamycin Phosphate & Adapalene gel Clanisol-AD gel lifestyle bio Sciences,CLANISOL AD Gel 15gm_image_5.jpg
Clindamycin Phosphate & Adapalene gel Clanisol-AD gel lifestyle,CLANISOL AD Gel 15gm_image_8.jpg
Benzoyl Peroxide Gel IP 2.5%w/v R Tr Ox ClearBenz Gel 20 g,CLEARBENZ 2.5 Gel 20gm_image_3.jpg
R Bevzoyl Peroxide Oel IP 2.5% wlv ClearBenz Gel,CLEARBENZ 2.5 Gel 20gm_image_5.jpg
Clindamycin Phosphate Gel USP Cleargel HI 20 g,Cleargel Gel 20gm_image_4.jpg
Composition :  Clindamycin Phosphate IP equivalent to Clindamycin 1.00 % w/w Gel Base q.S. Preservatives :  Methylparaben IP 0.20 % w/w Propylparaben IP 0.02 % w/w,Cleargel Gel 20gm_image_6.jpg
 Clindamycin Phosphate Gel USP Cleargel 20 g,Cleargel Gel 20gm_image_7.jpg
Clindamyoin Phosphate and Nicotinamide Gel B Cleargel Nico 20 g,CLEARGEL NICO Gel 20gm_image_4.jpg
Clindamycin Phosphate and Nicotnamide Gel Cleargel Nico 20 g,CLEARGEL NICO Gel 20gm_image_7.jpg
5 strips of 30 tablets each Clearliv Tablets  Green Milli  Concepts apex,Clearliv Capsule 60'S_image_1.jpg
Clear Skin with Clearwin Clearwin  Gel Clearwin Gel ULTRA EFFECTIVE ACNE GEL ,CLEARWIN Gel 15gm_image_4.jpg
Clindamycin Nicotinamide Gel Clearwin,CLEARWIN Gel 15gm_image_7.jpg
Clindamycin Phosphate & Allantoin Gel Clenchin Gel ROWAN 20 g,CLENCHIN Gel(Topical) 20gm_image_3.jpg
Cindamycin Phosohate & Zinc Suphote Cream Clenchin-Z  Cream ROWAN 10 g,CLENCHIN Z Cream 10gm_image_4.jpg
Cindamycin Prosphate  & Zinc Sulphate Cream Clenchin-Z ROwAN Cream 10g,CLENCHIN Z Cream 10gm_image_6.jpg
Clindamycin and Nicotinamide Gel Cliface Gel Clindamycin and Nicotinamide Gel Cliface Gel,Cliface Gel 20gm_image_1.jpg
Clindamycin Phosphate & Adapalene Gel  Cligel-A ,Cligel A Gel 15gm_image_5.jpg
Composition : Clindamycin Phosphate I.P. equivalent to Clindamycin 1.0% wlw Adapalene 0.1% wlw In an aqueous gel base q.s.,Cligel A Gel 15gm_image_7.jpg
15 gm Clindamycin Phosphate & Adapalene Gel Cligel-A ,Cligel A Gel 15gm_image_8.jpg
Clindamycin Phosphate & Tretinoin Gel Cligel-T ,Cligel T Gel 15gm_image_5.jpg
Clindamycin Phosphate & Tretinoin Gel Cligel-T,Cligel T Gel 15gm_image_8.jpg
,Clin Tablet 10's_image_1.jpg
,Clin 1% Gel 10gm_image_1.jpg
Composition Clindamycin Phosphate I.P equivalent to Clindamycin 1% w/w Nicotinamide I.P 4% w/w Aloe-Allantoin gel base Indication For treatment of Acne Vulgaris Direction for use : Apply thin film twice daily  to the affected area Or as directed by the physician Avoid contact With eyes. Store in cool and dry place. Do not freeze. Keep OUt of reach of children: FOR EXTERNAL USE ONLY SCHEDULE H PRESCRIPTION DRUG CAUTION Not to be sold by retail without tne prescription of Registered Medical Practitioner,CLIN 3 Gel 20gm_image_5.jpg
Composition Clindamycin Phosphate I.P.  equivalent to Clindamycin 1% wlw Nicotinamide IP 4% wlw Aloe-Allantoin gel base q.S. Indication For treatment of Acne Vulgaris,CLIN 3 Gel 20gm_image_6.jpg
20gm  Clindamycin  & Nicotinamide ( in Aloe-Allantoin gel  base) Clin-3 Gel For topical treatment of Acne,CLIN 3 Gel 20gm_image_7.jpg
15 gm Clindamcin Phosphate & adapalene Gel Clin-AD Gel 15 gm   ,Clin AD Gel 15gm_image_3.jpg
15 gm Clindamycin with Benzoyl peroxide Gel Clin-BP Clin-BP,CLIN BP Gel 15gm_image_3.jpg
15g CLINDAMYCIN PHOSPHATE Gel  USP CLIN-CAP,CLIN CAP Gel 15gm_image_5.jpg
CLIN-CAP Ist Day  effect 2nd Day effect 3th Day effect,CLIN CAP Gel 15gm_image_6.jpg
15 g CLINDAMYCIN phosphate Gel USP CLIN-CAP ,CLIN CAP Gel 15gm_image_8.jpg
Clindamycin Phosphate Gel USP Clinbid 1.O% wlw 20 gm,CLINBID 1.0% Gel 20gm_image_5.jpg
FOR EXTERNAL USE ONLY Composition: Clindamycin Phosphate IP eq. to Clindamycin 1.00% w/w In gel base q.s. Application: As directed by the Physician.,CLINBID 1.0% Gel 20gm_image_7.jpg
Clindamycin Phosphate Gel USP Clinbid 1 O% wlw,CLINBID 1.0% Gel 20gm_image_8.jpg
"Clindamycin Phosphate &  Benzoyl Peroxide Medicated Soap Clinbid ANTI-ACNE For Pimples, Blackheads & Skin Impurities",CLINBID Soap 75gm_image_3.jpg
"Composition Clindamycin Phosphate IP eq. to Clindamycin  0.10 % w/w Hydrous Benzoyl Peroxide BP eq. to Benzoyl Peroxide 1.25% w/w   Soap Noodles q.s. Excipients Colour: Sunset Yellow FCF FOR EXTERNAL USE ONLY Directions for use : Rub gently on wet skin to produce lathet allow it for 2-3 minutes and wash thoroughly . Storage: Store below 25"" C in dry place. Do not Freeze Protect from heat & direct sunlight. Avoid contact with eyes If contact occurs flush with water Immediately. Keep away from children Manufactured by: Elegant Cosmed Pvt Ltd: Plot No. 32 & 33,GIDC Kuvadva-360 023 GujaratSchedulhprkscKipTONDKUG-Cauno4 Nitobc iold b-callwthout thc prcicription al a Registecd/onlprdioncr",CLINBID Soap 75gm_image_4.jpg
"Composition :  Clindamycin Phosphate IP eq. to Clindamycin 0,10% Wlw Hydrous Benzoyl Peroxide BP eq. to Benzoyl Peroxide 1.25% Wlw Soap Noodles q.s Excipients q.s. Colour: Sunset Yellow FCF",CLINBID Soap 75gm_image_5.jpg
Clindamycin and Adapalene Gel Clinbid-A Topical Gel 15 gm INNOVATIVE,CLINBID A Gel 15gm_image_5.jpg
Composition Clindamycin Phosphate IP eq. to Clindamycin 1.0% w/w Adapalene BP 0.1% w/w (as Microspheres) In an aqueous gel base Preservatives : Methyl Paraben IP 0.1% w/w Phenoxyethanol IP  0.25% w/w,CLINBID A Gel 15gm_image_7.jpg
Clindamycin and Adapalene Gel Clinbid-A Topical Gel 15 gm iNNOVATIVE,CLINBID A Gel 15gm_image_8.jpg
"Manufactured in India by: UNiVERSAl Twin LAbs Village: Gullarwala, Near Sai Road, Baddi, Dist.-Solan (H.P.) Regd. Office.:29, Sahakar Niwas,Tardeo Road_ Mumbai-400 034.e-mail: utwinlabs@vsnl.net Mfg: Lic. No:: MB 06 / 492  T% TET: Batch No: Ulb ; 3717 fl4: Mig: Date:  44i7 fl4: Exp. Date: _  31f4974 ` 4 M: R.P: Rs. Incl: of all taxes_ @Registered Trade Mark of Universal Twin Labs",Clincitop Gel 20gm_image_6.jpg
"Composition: Clindamycin Phosphate IP equivalent to Clindamycin 1.00% wlw Preservatives: Sodium Methylparaben I.P. 0.114% wlw Sodium Propylparaben I.P: 0.056% wlw Gel base q.s. Colours: Red Oxide of Iron and Titanium Dioxide FOR EXTERNAL USE ONLY Direction for use: Apply twice daily only on the affected area, morning and night. Store at a temperature not exceeding 25 C Do not freeze. Avoid contact with eyes. Keep the tube tightly closed after use. WARNING: To be sold bY retail on the prescription of a registered Madical Practitianor only",Clincitop Gel 20gm_image_7.jpg
"Clindamycin Phosphate Gel USP Gel Clincitop 20 g For topical  treatment of acne, pimples & bacterial skin infections UTL",Clincitop Gel 20gm_image_5.jpg
"CIindamycin Phosphate Gel USP Clincitop  for topical treatment of acne, ules & bacterial skin infections",Clincitop Gel 20gm_image_9.jpg
Composition: Clindamycin Phosphate IP equivalent to Clindamycin 1.00% wlw Preservatives: Sodium Methylparaben I.P.  0.114% wlw Sodium Propylparaben I.P. 0.056% wlw Gel base q.s. Colours: Red Oxide of Iron and Titanium Dioxide,Clincitop Gel 20gm_image_8.jpg
Clindamycin Phosphate Gel USP Clindac A GEL 1% 20g For EXTERNAL Use OnLY ,CLINDAC A 1% Gel 20gm_image_4.jpg
Composition Clindamycin Phosphate IP equivalent to Clindamycin 1.00 %wlw. Preservatives Sodium Methylparaben IP 0.10%wlw Sodium Propylparaben IP 0.05 %wlw Gel Base q.S.,CLINDAC A 1% Gel 20gm_image_6.jpg
Clindamycin Phosphate Gel USP Clindac A GEL 1% 20g ,CLINDAC A 1% Gel 20gm_image_7.jpg
ClIndamycin Phosphate Topical Solution USP  Clindac A Solution 1%  For EXTERNAL USE ONLY 25ml ALKEM,Clindac A 1% solution 25ml_image_5.jpg
Composition: Clindamycin Phosphate IP equivalent to Clindamycin 1.OO% wlv Solution base q.s. Directions: See package insert. Store at a temperature not exceeding 25 C. Do not freeze Avoid contact with eyes. Keep the bottle tightly closed after each use. Keep out of reach of children.Warning To be sold by retail on the prescription of a  Registered Medical Practitioner only.,Clindac A 1% solution 25ml_image_6.jpg
Composition: Clindamycin Phosphate IP equivalent to Clindamycin  1.00% wlv Solution base  q.s.,Clindac A 1% solution 25ml_image_7.jpg
Clindamycin Phosphate Topical Solution USP Clindac A  SoLution 25ml,Clindac A 1% solution 25ml_image_8.jpg
"ALKEM Clindac A Facewash FOAMING FACE WASH 50ml Salicylic Acid, Glycolic Acid and Aloe Vera Foaming Face Wash",Clindac A Foaming Facewash 50ml_image_5.jpg
"Ingredients: Aqua, Sodium Laury Ether Sulfate Sodium Cocoyl Apple Amino Acids Aloe Vera Extract  Salicylic Acid. Hydroglycolic  Extract of Imperata  Cylindrica Root, Glycerin, PEG-8, Carbomer Glycolic Acid, Sodium Hydroxide, Fragrance Methylisothiazolinone and Methyl Chloroisothiazolnone For  EXTERNAL USE ONLY Direction for use ",Clindac A Foaming Facewash 50ml_image_6.jpg
"Ingredients: Aqua, Sodium Lauryl Ether Sulfate, Sodium Cocoyl Apple Amino Acids, Aloe Vera Extract, Salicylic Acid, Hydroglycolic Extract of Imperata Cylindrica Root, Glycerin, PEG-8, Carbomer, Glycolic Acid, Sodium Hydroxide, Fragrance, Methylisothiazolinone and Methyl Chloroisothiazolinone.",Clindac A Foaming Facewash 50ml_image_7.jpg
Clindac A FOAMING FACE WASH ,Clindac A Foaming Facewash 50ml_image_8.jpg
Adapalene and Clindamycin Phosphate Gel Clindac AP  Night Time Application For ExTeRNAL Use Only 15g ,CLINDAC AP Gel 15gm_image_4.jpg
Clindac AP  Night Time Application For ExTERNAL Use OnLY,CLINDAC AP Gel 15gm_image_7.jpg
CLINDAMYCIN PHOSPHATE & ADAPALENE GEL CLINDAFIN-A HBC,CLINDAFIN A Gel 20gm_image_3.jpg
CLINDAMYCIN PHOSPHATE & NICOTINAMIDE GEL CLINDAFIN-N HBC CLINDAMYCIN PHOSPHATE & NICOTINAMIDE GEL CLINDAFIN-N HBC,CLINDAFIN N Gel 20gm_image_3.jpg
20g Clindamycin & Nicotinamide Gel Clindanam Amazing 20g Clindamycin & Nicotinamide Gel Clindanam Amazing ,CLINDANAM Gel 20gm_image_3.jpg
15 g Clindamycin & Nicotinamide Gel Clindasil For Treatment of  Acne Searle 15 g Clindamycin & Nicotinamide Gel Clindasil For Treatment of  Acne Searle ,CLINDASIL Gel 15gm_image_4.jpg
,
"Each enteric coated tablet contains: Acamprosate Calcium IP 333 mg Excipients q,S Coour; Titanium Dioxide IP",Acamprol 333mg Tablet 6'S_image_3.jpg
"Colour: Ferric Oxide Yellow , Ferric Oxide Red Titanium Dioxide Excipients: Q.S StDs Aans aceuticaltu Bntcur Khch Ap0 40m-737 132 INDIA 2007246Dosc diructod tcPncan Storcbclow 25 Prolccl(rom sunliaht Henuti Schedule 'prescription DRLC-CAUTIONE Mnlettnedn erheued Uebe coscr Po Acamprosate Calcium Tablets 333 mg Acamptas 333 Taotshoula eunllotNnnJt Ano @olchonCJ Each enterc coated tablet contains 4STOS Acamprosate Calclum IP 333 mg Uar aCo Colour: Ferric Oxide Yellow: @As) Ferric Oxide Red Juts WhAGuticilsitn Bhaoy Khoh Pinopo Titanium Dioxide Eist Sik 7-737 432. INOIA Excipients: Q.S. 85 458 Eyo La9 Doe Oifoc CC Iro Pvsain DicCt7 Calim Store bclow 25 Prolccl Irom sunllahi &",Acamptas 333mg Tablet 6'S_image_3.jpg
"Each enteric coated tablet contains: Acamprosate Calcium IP 333 mg Colour: Ferric Oxide Yellow, Ferric Oxide Red & Titanium Dioxide IP Excipients: Q.S.",Acamptas 333mg Tablet 6'S_image_5.jpg
Sx10 Tablets Rx Naltrexone Tablets IP 50 mg ADDTREX Rusan HEALTHCARE,ADDTREX 50 Tablet 10's_image_5.jpg
Sx10 Tablets Rx Naltrexone Tablets IP 50 mg ADDTREX Rusan HEALTHCARE,ADDTREX 50 Tablet 10's_image_6.jpg
"Mfg Lic No 19/UNv2008Rusan Batch No. Manufactured by: Rusan Pharma Ltd: Khasra No. 122 MI, Central Hope Town , Selaqui: Mfg- Date Dehradun 248 197 , Uttarakhand, INDIA EXp- Date A.o 58-D Govl; Ind; Estate, Charkop Kandivali (W), Mumbai 400 067 , INDIA M R P ? Marketed by Rusan Healthcare Pvt. Ltd. Per 10 Tablets Mumnbai 400 067 , INDIA (Incl: of GST} Registered Iraderark",ADDTREX 50 Tablet 10's_image_8.jpg
Sx10 Tabletsx Naltrexone Tablets IP 50 mg ADDTREXRusan HEALTHCARE,ADDTREX 50 Tablet 10's_image_7.jpg
"Alcosate 333mg Mfg: Lic. No G/25/1761 Batch No. : Mfg. Date : Exp. Date : M.R.P Rs :  Incl. of all taxes For 10 Tablets Manufactured   in India by Vega Biotec Pvt. Ltd. (A Div. Vega Group of Companies) 23 , Sahajanand Industrial Estate , Munjmahuda Vadodara-390 020 (Guj:) info@vegabiotec com",ALCOSATE 333mg Tablet 10's_image_3.jpg
RACAMPROSATE CALCIUM TABLETS AlcosateB33mg20 x 10 Tablets,ALCOSATE 333mg Tablet 10's_image_2.jpg
Each uncoated tablet contains Disulfiram IP 250 mg Excipients : Q.S.,Disulfiram 250mg Tablet 10'S_image_3.jpg
"Disufram Tablets IP DIZONE 8r5l7"" 10 X 10 TABLETS OZONE  ",Dizone 250mg Tablet 10'S_image_4.jpg
Each uncoated tablet contains Disulfiram I.P.  250 mg,Esperal Tablet 10'S_image_3.jpg
Each film coated tablet contains: Naltrexone Hydrochloride IP 50 mg Excipients q.s,NALCITE 50 Tablet 10's_image_3.jpg
"DISULFIRAM 10 Blister Strips of 10 tablets each (10 x 10 Tablets) TABLETS IP Each uncoated tablet contains Disulfiram I.P 500 mg Excipients q.s. Ryianry â‚¬azn e. 9,@yrl- 4oo TYFUSIN 500 Manufactured in India by: KC. LABORATORIES L-6224 GIDC. Industrial Estate Ankleshwar 393 002 (Gujarat) Registered Trade Mark",Tyfusin 500mg Tablet 10'S_image_3.jpg
Each uncoated tablet contains: Disulfiram L.P 500 mg Excipients q.s.,Tyfusin 500mg Tablet 10'S_image_4.jpg
"Each uncoated tablet contains; ""Disulfiram IP 500 mg Excipients q.s Dosage : As directed by the physician.",Tyfusin 500mg Tablet 10'S_image_5.jpg
Disulfiram Tablets IP Alconix*500 mg 1x 4 Tablets iNNOVATIVE,ALCONIX 500mg Tablet 4's_image_5.jpg
"Each uncoated tablet contains Disulfiram IP 500 mg Excipients q.5. Colours : Yellow Oxide of Iron, Red Oxide of Iron and Black Oxide of Iron Dosage As directed by the Physician:",ALCONIX 500mg Tablet 4's_image_7.jpg
"Each uncoated tablet contains Disulfiram 500 mg Excipients Colours Yellow Oxide of Iron; Red Oxide of Iron and Black Oxide of Iron Dosage directed by the Physician. Storage Store in cool & dry place: Protect from direct sunlight; heat & moisture: Keep the medicine out of reach of children:Mfg: Lic. No: MNB/09/763 & MB/09/764Batch No.Mfg Date Exp Date MRP ?Per strip 0f 4 tablets Inclusive of all taxesCAUTION- Nottobbe sold by retall wtthoutthe prescription of Registered Medlcal Practitiongt81/9 0 - 2 9 8I 0 6 5 9 3Marketed by INNOVATIVE PHARMACEUTICALS PVT: LTD, Admn. Off: IZth Floon; Lodha Supremus Opp MTNL; WVLR; Saki Vihar Road Powvai Mumbai - 72 Rega off: Wadi 023 Trademark applied forMig: in India by - IOSIS REMEDIES PVT LTD. (An ISO 9001.2008 Certilied Co } Rajpura Road Village = Khera Nihla Tehsil Nalagarh District Solan; Himachal Pradesh 174 101 INDIA",ALCONIX 500mg Tablet 4's_image_6.jpg
"1x 10 Tablets NALTREXONE HYDROCHLORIDE TABLETS IP 50 mg NALTIMA-50 5 TecT-4oINTAS Each uncoated tablet contains: Naltrexone Hydrochloride IP 50mg Colours Ferric Oxide"" USP-NF and Ferric Oxide Red USP-NF Excipients:  Q.S Dose :  directed by the physician Store in a  cool,  dark & dry place  ElellHtn PhanuaccurIcadTo Biehcthang Elat Setnn NDL(NTAS",Naltima 50mg Tablet 10'S_image_1.jpg
,
"""Iron Sucrose AFTRON_",AFTRON S Injection 5ml_image_9.jpg
Iron Sucrose Injection USP AFTRON 100 Injection For Intravenous use Only 1 x 5 mI Ampoule,AFTRON S Injection 5ml_image_5.jpg
Iron Sucrose Injection USP (AFTRON S 100 Injection For Intravenous use Only 1 x 5 ml Ampoule ASTREA,AFTRON S Injection 5ml_image_8.jpg
Micro Iron Sucrose Injection BP 100 mg/5m/ Biofer-S 100 Injection 7r-WT ?00 For Intravenous use only 1 x 5 ml,Biofer S 100mg Injection 5ml_image_3.jpg
"Each 5ml ampoule contains: Elemental Iron: 100 mg (as Iron Sucrose) Water for Injections IP : q.5 When administered by intravenous infusion , the injection must be diluted in 0.9% Sodium Chloride Injection to a concentration of 0.5 to 2.0 mg of elemental iron per ml Use immediately after dilution Total Osmolality between 1150 to 1350 mosmol per kg.",Biofer S 100mg Injection 5ml_image_5.jpg
"124358 10 Tablets Ferrous Bis-Glicinate Zinc wly WaTe; Zic Bi gLYCINATe  Folc Acd & MethyiCdealavin Taelzts BIzFERXT Eachlim coatdeab -ccchan Eeft Bis ghenale 1 equnlenlio Tanta Man CUMI Folctad Zinc Bs-gyorn 8 Mumeeond #etealic 15cq ) Kethy cobalamin Eod Igq Fiblj-nls 8 Cdat_ Laed Entnujies S elelot Apotcna = G erdees / /tan nacded 1 Samina Cn dar Dlace TATG-Mle dino 25 6 Dosact duecled DvIn& 2 ] Fily GanNo G/67 4nuractureu India bya 1 Chemicals Pharmaceuticals Lid. eR GICC, Ceneleshaa 493 612 @Regd: Trace Vai 12435810 Tablets Ferque Ee;ELYENATE, Zn; Depelycmate Folic Acid & MeThYLEOEALAM Tilitte BIzFERXT Each (kn cpalcd Lan 4I conting 5 Fctroua Di3 Qnale Oquvalentto â‚¬ â‚¬ nenta' Iron Fm",Bizfer XT Tablet 10'S_image_3.jpg
Each film coated tablet contains: Ferrous Bis-glycinate equivalent to elemental Iron / 60mg Folic Acid IP : 1mg Zinc Bis-glycinate equivalent to elemental Zinc : 15mg  Methylcobalamin IP : 500mcg. Excipients : q.s,Bizfer XT Tablet 10'S_image_5.jpg
"Each film coated tablet contains Ferrous Ascorbate eq: to Elemental Iron 100 mg L-Methylfolate 0.5 mg Excipients Colour Red Oxide of Iron Appropriate overages Of vitamin added to compensate the loss on storage Dosage As directed by the Physician. Storage : Store below 25Â°C, Medicine : Keep out Of reach of children Bich No; 3 E Duto MmRct Prco Rs T05r5"" Etintn (lndolan lnots1 1 2 Markeled by: { R Mfd 50 g00in BoosmegMPGERniIFIED 1 Co) CADOMED Pharmoccuticols India Pvt: Lid: L Roorkee-247667 Ultarakhand Khasra No 85, Madhopur Hazarathpur; No.18, Ist Cioss. Znd Stage Gangotri Layout: Mysore- 570.009",Bravofer Tablet 10'S_image_6.jpg
Ferrous Ascorbate & L-Methylfolate Tablets Bravofer 1x10 Tablets CADOMED Pharmaceuticals India Pvt.Ltd,Bravofer Tablet 10'S_image_5.jpg
Each film coated tablet contains Ferrous Ascorbate eq: t0 Elemental Iron 100 mg L-Methylfolate 0.5 mg- Excipients q.S-,Bravofer Tablet 10'S_image_7.jpg
"Each film coated table contains : Ferrous Ascorpale eq: to Elemental Iron : 100 mg L-L-Methylfolale: 0.5 mg Excipients: q.s Colour: Red Oxide of Iron Apprconate overages of vitamin ajded compansate the loss on slorage. 9014su Asdtectd by te PhysBan Stonat #Store Inadry dark plce, bekow 25C. Protact hom direct Iiahl Kee? bre med & he ou; o/ reech clch'aren, LR LN Jo DIOJbnj Presonpto Re Kelt C EaPtie]Morcied du0 SADOMER ] 85260 Ferrous Ascorbate & L-Methylfolate Tablets  1 Bravofer Tnr Each film coated lablet contains Ferrous Ascorbale eq: (o Elemental Iron 00 mg ~Methylfolate 0.5 mg: Excipients Colour Red Oxide of Iron Appropriate overages of vilamin added compensate the loss on storage_ 1 Dosage : As dle xed by tie Pnjspan 8cnou Store in a drv % dart olzca balou"" 25'c",Bravofer Tablet 10'S_image_8.jpg
"15 ml Oral Drops of Iron, Folic Acid, Cyanocobalamin, Zinc & Lysine Bestiron Paedlatric Haomatinic Drops",BESTIRON PAEDIATRIC HAEMATINIC Drops 15ml_image_3.jpg
"Composition each ml contains:  ferrous Bis-Glycinate eqv. to elemental iron : 10mg folic  Acid : 100 mcg Cyanocobalamin IP : 3 mcg Zinc Bis-Glycinate 2,75 mg  Lysine Hydrochloride USP : 10mg Excipients : q.s. Flavoured : Syrupy base. Colour: Caramel IP Appropriate overages ingrodients added. Dosage: As  directed by the Physician. Storage: Store in cool and dry place , at temperture not exceeding 30Â°C. For paediatric Use Only. Keep the medicine out of reach children. SHAKE WeLL befoRE USE",BESTIRON PAEDIATRIC HAEMATINIC Drops 15ml_image_4.jpg
Waming: To be sold by retail on the prescription of a Registered Medical Practitioner only Mfg. Lic.No :KD/2859-A Date Expiry Date MRP (Inclusive of all taxes)Registered Trade Mark Manulacturod puncu Labo ratories put Ltd Plot No : C1-373 TTC Industrial Aroa MIDC Pawane Navi Munba-400 705Munkutco ELAN PHARMA (INDIA) PVT LTD 501 Raikar Chambers Govandi; conar Mumbai-A0O 088_,BESTIRON PAEDIATRIC HAEMATINIC Drops 15ml_image_5.jpg
"KoyÃ© Ferrous Asparto-Glycinate, L-Methylfolate Methylcobalamin With Docusate Sodium Capsules CoeHB Plus Tleei CT 1 x 10 Capsules",Coehb Plus Capsule 10'S_image_2.jpg
"Ferous Asparlo-Glycinate; L-Memylfolale & Methylcobalamin With Docusate Sodium Capsules Mlg.Lic. No. : DD/289 Batch No.  CoeHB Plus Composition : Each soft gelatin capsule contains Expiry Date_ :  Rema 4Rf Ferous Asparto-Glycinale Eq. to elemental Iron : 100 mg , L-Methylfolate :300 mcg Per Blister of 10 Soft , Methylcobalamin I.P: 500 mcg ,  Gelatin Capsules (Inclusive all taxes) Docusate Sodium IP: 100 mg , 17474 RgA Excipients: q.s  179T- eimi tiaa ) Approved colours used gelatin shell Koye Appropriate overages added compensale for Marketed DY: Joss on storage_ Koye Phamaceuticals Pvt Ltd_ Dosage As directed by the Physician: 4-10.Art Guild House. LBS Marg, Store protected from light = Mumbai - 400 070 Storage Hanulcua Olive manufactured By: Olive Healthcare  moisture, at temperature not exceeding 25Â°C_ 197/2, Athiyawad Dabhel Village  Keep out of reach of children Nani Daman (U.T ) Daman -396-210.[L",Coehb Plus Capsule 10'S_image_3.jpg
"Rx  2 ml Ferric Carboxymaltose  Injection 100mg/2ml . Encicarb aanlaf For IV Injection Infusion. Do not refrigerate. Emcure""",Encicarb 100mg Injection 2ml_image_5.jpg
"Composition : Each ml contains Ferric Carboxymaltose equivalent to elemental Iron 50 mg. Water for Injections IP: q.s. Dosage: As directed by the Physician. Store in a cool & dark place (8Â°C to 25Â°C). Keep out of reach of children. Refer to package insert for administration Before using, check for absence of sediments  SCHEDULE H PRESCRIPTION DRUG-CAUTION Not to be sold by retail without the prescription of a Registered Medical Practitioner DO NOT ACCEPT IF VIAL SEAL IS BROKEN 8l90 2 3 1 9ilo 70 57 2",Encicarb 100mg Injection 2ml_image_6.jpg
Composition : Each ml contains : Ferric Carboxymaltose equivalent to elemental Iron: 50 mg. Water for Injections IP : q.s.,Encicarb 100mg Injection 2ml_image_7.jpg
"Ferric Carboxymatose  Injection 100mg /2ml. KiTents, Encicarb ;ad For IV Injection / Infusion . Do not refrigerate. Emcure",Encicarb 100mg Injection 2ml_image_8.jpg
"composition :  Each mI contains : ferric carboxymaltose equivalent to elemental Iron: 50 mg. Water for ijection IP : q.s. Dosage : AS directed by the Physician. Store in a cool & dark place (8Â°C to 20Â°C). keep out of reach of children. Refer to package insert for administration Before using , check for abscence of sedimebt . manufactured by : Emcure. PHARMACEUTICALS LTD_ PUNE Aeo Sered Trade Mark 0 wners: 6 Z0Te Emcure nghts re served 174 168/1, MDC; Boiszt, Dist Thane 401 510 HICCEPIIESESERQE (etrigcrale",Encicarb 100mg Injection 2ml_image_9.jpg
10 ml. Rx  Ferric Carboxymatose Ijection 500mg/ 10ml Encicarb Jnahla For IV Injection / Infusion Do not refrigerate. Emcure,Encicarb 500mg Injection 10ml_image_4.jpg
Composition Each ml contains : Ferric Carboxymallose equivalent to elemental Iron 50 mg Water for Injections 4S. Dosage As directed by the Physician. Store in cooi dark place (8Â°C to 25Â°C). Keep out ol reach ol children; Reter to package insert for administration; Before using; check for absence ol sediments_ SCHEDULE H PRESCRIPTION DRUG CAUTION Not (o be sold by retail wiuhout= the prescription of Registered Medical Practtioner; 00 NOT ACCEPT IF VIAL SEAL BROKEN8//9 0 2 3 1 910 7 0 4 8 9,Encicarb 500mg Injection 10ml_image_5.jpg
Rx . 10ml. Ferric Caboxymaltose. Injection 500mg/ 10ml. Encicarb Aad For W Injection / Infusion Do nit refrigerate. Emcure.,Encicarb 500mg Injection 10ml_image_6.jpg
"Faa 20. 10 tabltes. Iron, Zinc, Folic Acid & Vitamin B, Tablets",FAA 20mg Tablet 10'S_image_2.jpg
,
Tablets IP 5 mg  1-AL Ootoc Limited Levocetirizine Tablets IP 5 mg 1-AL 4-3N cumpusic  uider Rpeeic IP Lnd,1 AL 5mg Tablet 10'S_image_3.jpg
COMPOSITION: Each film coated tablet contains: Levocetirizine Hydrochloride IP 5 mg Permitted Colours,1 AL 5mg Tablet 10'S_image_5.jpg
Each film coated sustained release tablet contains: Acebrophylline 200 mg. Excipients  q.s.,A FYL SR 200 Tablet 10's_image_5.jpg
"Montelukast, Fexofenadine Hydrochloride and Acebrophylline (Sustained Release) Tablets 1 Acegrow-30 @-?0 camonnann Eich Mmenn npofe d table conbl Yonle Uaat Sca Voileuuat perolentJine Hadiochlor Jo Ccedontale 650 Faeiac 1 CcoJn; >uract Ycllot DSNACI creded Phys Pan 5icuar Store prolected Irom light J~u Fistes rempttjeur eicetdina %C Kec? tnc Madicina Ou: 0l reach0'crij vn Table; &ould walloted eea nol [0 cmewed cmusnct 1t ahce Lno ~dic- HL Hecencac Foregeninten 1 ttin 1801804 Ua 0 Montelukast, Fexofenadine Hydrochloride and Acebrophylline (Sustained Release Tablets 1 Acegrow-30 [7-?4 compo+ilid Ctt 6 RE to uot tonu MaeeeeDatt Aea Lat imo (ewo enwott -aa orh oncs 8",ACEGROW 3 D Tablet 10's_image_3.jpg
Composition Each film coated bilayered tablet contains: Montelukast Sodium IP eq. to Montelukast 10 mg Fexofenadine Hydrochloride IP 120 mg Acebrophylline 200 mg (As Sustained Releaseform) Excipients Colour: Sunset Yellow FCF,ACEGROW 3 D Tablet 10's_image_5.jpg
"Each film coated tablet contains Levocetirizine Dihydrochloride A.P 5 mg; Montelukast Sodium I.P Eq. t0 Montelukast 10 mg. Excipients QS. Colour : Titanium Dioxide I.P Dosage : As Prescribed by the Physician. Storage : Store in cool & dry place, protect from light.",ACOLATE M Tablet 10's_image_4.jpg
30 ml. Rx Montelukast Sodium & Levocetirizine Dhyorochloride Syrup Acolate M Kid Syrup @alaz-0 8sPineapple Flavour,Acolate M Kid Syrup 60ml_image_6.jpg
"30ml. Acolate MKID Syrup Montelukast Sodium & Levocetirizine SHAKE WELL BEFORE USE Dihydrochloride Syrup Keep medcine out of children. Acolate M Kid Mfg.Lic.No : G/25/1519 Syrup Batch No. Mfg Date  Dare MRP (Ird clal ""axes)Werezlly; GUARAI TeaQ uned LABORATORES L ca 0 Ja MrJoy  Weau 6el:Pineeppb Fzou4dgzl RepsinaTe 4c",Acolate M Kid Syrup 60ml_image_7.jpg
Composition: Each 5 ml contains Montelukast Sodium IP eq: to Montelukast 4 mg: Levocetirizine Dihydrochloride IP 2.5 mg: Flavoured syrupy base Q.S: Colour: Quinoline Yellow & Erythrosine DOSAGE As directed by the Physician.,Acolate M Kid Syrup 60ml_image_9.jpg
"Acolate | M Kid Syrup Composilion: Each 5 ml contains Monlelukast Sodium IP eq. to Montelukast 4mg. Levocetirizine Dihydrochloride IP 2.5 mg  Flavoured syrupy base QS. Colour: Quinoline Yellow Erythrosine DOSAGE  : As directed by the Physician. STORAGE: Keep the bottle tightly closed at temperature not exceeding 30Â°C , protected from light. SoEduemprsoPmodg - Chution dbeniegoldentero1 CduyineeattMlg; by : Aayushi Pnamaceuticals Division o/ Vral indushies Pv Lid ) Pilno: 3491, Phase IV, G.IDC. Cahabral, Dist : Gandhinagar-382729. Gujarat",Acolate M Kid Syrup 60ml_image_8.jpg
AdrminCCa Montelukast Sodium & Levocetirizine Dihydrochlorde Syrup Acolate M Kid Syrup 30 ml.,Acolate M Kid Syrup 60ml_image_10.jpg
"Actv24 M  Scdilm Toniclukas Ficolnts Colou Eiythmsin Tan ciukast Lavcrh Waranm Ccechen Ine nxsiciam Stotane: Slore belo protecled Irom Iiah Moetlure1 RLT CU Cr MACMOI Cidal r 7Tleia Kal SCAEMMUAUACE UtEA[To CDCiI Lataetcoinindi 1 Jagscnpal Pharmaceulicals Lid , Uhahomr Laae Ihi-icd4n Bilastine 20mg & Montelukast 10mg  Tablets Actv24 M HekedWhE Din cumo (ela 24 (4 1 Fach ""m coaled blayeed Eablct contains aee Bu15ine Zomo JpouncalacMOLchKnaen",ACTV 24 M Tablet 10's_image_2.jpg
Each film coated bilayered tablet contains: Bilastine : 20mg Montelukast Sodium IP : 10mg  Eqv. to Montelukast : 10mg Excipients : q.s.,ACTV 24 M Tablet 10's_image_3.jpg
"Bilastine Tablets 20 mg #e Actv24 HentoonoR  Dencnettn coredtbeneon #thedtd1 2 2FctaaaaNatreoattJogsoneal Pharmacauticals Ltd, TIoushkhpu enan  nlncoNEP Qun OFACACI CHLDRDI Bilastine Tablets 20 mg Artubi",ACTV 24 Tablet 10's_image_3.jpg
composition Each film coated tablet contains: Bilastlne 20 mg Colour: Titanium Dioxide I.P Dosage: As directed by the Physician. Storage: Store at a temperature not exceeding 30Â°C . Protect from light KEEP OUT OF REACH OF CHILDREN.,ACTV 24 Tablet 10's_image_5.jpg
Fol Size: 87 mm Print Size: 50 x 60 mm |Tajqqu d1 S1aq8 apuojyjouKvq 3u72u129Size82mmADDCET Cetirizine Dihydrochloride Tablets I.P. ADDCET Cetirizine Dihydrochloride Tablets ADDCET {aDD ARC JDnnDanAC,ADDCET Tablet 15's_image_1.jpg
Addcet-L 20 x 10 Tablets Addcet-L _ Tutannor Rte Levocetirizine Tablets IP 5mg Addcet-L Tablets ADDMARC  A Step Ahead,ADDCET L Tablet 10's_image_1.jpg
"Each 100 ml adril lotion contains following ingredients: Aloe barbadensis (Aloe vera juice) 10.0%, Mentha   piperita (Menthol) 0.50%, Cinnamomum camphora (Camphor) 0.50% , Triticum sativum (Wheat germ oil) 1.0%, Prunus amygdalus (Sweet almond oil) 0.05%, Helianthus annuus (Sunflower oil) 3.00%",Adril Lotion 100ml_image_6.jpg
adril steroid-free anti-itch lotion 100ml,Adril Lotion 100ml_image_4.jpg
"10 * 10 Tablets Bilastine and Montelukast Tablets Aeromont-B""",AEROMONT B Tablet 10's_image_4.jpg
"10 x 10 Tablets Aeromont-B"" TM",AEROMONT B Tablet 10's_image_7.jpg
"Non-Drowsy Fexofenadine Hydrochloride Tablets IP 120 mg AIR120"" &3R 120 24hr Relief 1 x 10 Tablets systopic",AIR 120mg Tablet 10's_image_4.jpg
"Each film coated tablet contains: Fexofenadine Hydrochloride IP 120 mg , Excipients q.s",AIR 120mg Tablet 10's_image_6.jpg
"Fexofenadine Hydrochloride Tablets IP 120 mg AIR120"" Batch No. Each film coaled lablet contains:  Fexofenadine Hydrochloride IP   120 mg  Excipients q.s Exp. Date 777 Colour : Red Oxide of Iron MRP Per blister of 10 tablels Dosage As directed by the Physician. Store below 30Â°C in a dry place Protect from light and moisture. Keep out reach of children",AIR 120mg Tablet 10's_image_5.jpg
Non-Drowsy Fexofenadine Hydrochloride Tablets IP 180 mg AIR180 Tablet 10's Air 180mg   1 x 10 Tablets systopic,AIR 180mg Tablet 10's_image_3.jpg
Composition: Each film coated bilayered tablet contains Montelukast Sodium IP equivalent to Montelukast 10 mg Fexofenadine Hydrochloride IP 120 mg Colour: Lake Sunset Yellow Dosage: As directed by the Physician.,AIR M Tablet 10's_image_3.jpg
60 ml Levocetirizine Dihydrochloride and Montelukast Syrup AirSurge QesAc,AIRSURGE Syrup 30ml_image_2.jpg
Composition Each 5ml Contains: Levocetirizine Dihydrochloride IP 2.5mg Montelukast Sodium IP Equivalent to Montelukast 4mg Flavoured syrupy base q.s Colour: Quinoline Yellow WS Enythrosine Dosage: As per directed by Ihe Physician Storage: Store at a temperature not exceeding 30Â°C Do not freeze For Paediatric use only Keep medicine out of reach of children Schedule Prescription Drug Caulion: Not  sold by retail without the Prescription of a registered medical practitioner,AIRSURGE Syrup 30ml_image_3.jpg
"Composition Each 5 ml Contains: Levocelirizine Dihydrochloride IP 2.Smng Montelukast Sodium IP Equivalent t0 Montelukast ig Flavoured syrupy baseColour: Quinoline Yellow WS EryinrosineDosage_ As per directed by the PhysicianStorage_ Store at temperature not exceeding 30"" Do not IreezeFor Paediatric use onlyKeep medicine out of reach of chilcrenSchedule H Prescription Drg Caution: Not t be sold by retail without the Prescription of a registered medical practitioner",AIRSURGE Syrup 60ml_image_3.jpg
60 ml Levocetirizine Dihydrochloride and Montelukast Syrup AirSurge ,AIRSURGE Syrup 60ml_image_2.jpg
"J. B. CHEMICALS & PHARMACEUTICALS Levocetirizine Dihydrochloride & Montelukast Syrup AKAIR""LC Syrup For paediatric use only 60 ml",AKAIR LC Syrup 60ml_image_5.jpg
Composition: Each 5 ml contains: Levocetirizine Dihydrochloride IP : 2.5 mg Montelukast Sodium IP equivalent to Montelukast: 4mg Flavoured syrupy base q.s_ Colours: Quinoline Yellow WS & Erythrosine Dosage: As directed by the Physician.,AKAIR LC Syrup 60ml_image_7.jpg
"AKAIR LC SyrupComposilion: Each _ ml contains Levocetinzine Dihydrochloride L 2.5 mg Kontelu*ast Sodium equivalent Io Montelukast Flaroured syrupy base Colours: Quinaline Yellow WS Erythrosine Dosage: As directed by Ine Physician. Storage: Store protected from Iight moislure. temperature not exceeding 30'C, Keep out of reach of children. SCHEOULE H PRESCRIPTION DRUG  Caution Not to be sold by retail  Registered Medical ",AKAIR LC Syrup 60ml_image_6.jpg
"2,5ml , 3 2 IW 5+ J.B CHEMICALS & PHARMACEUTICALS Levocetirizine Dihydrochloride & Montelukast Syrup AKAIR""LC 50 berr60 ml",AKAIR LC Syrup 60ml_image_9.jpg
"AKAIR LC Syrup SHAKE WELL BEFORE USE Mfg: Lic. No MNB/16/970 Batch No.: Mfg: Date: Expiry Date: MRP (Inclusive of Taxes) Unique Marketed by & Regd: Trade Mark of: J. B. CHEMICALS & PHARMACEUTICALS LTD_ Neelam Centre; 'B' Wing, Hind Cycle Road, Worli; Mumbai - 400 030 , India Manulactured India by: Inrova Captab Ltd. 1281/1 , Hilltop Industrial Estate. Near EPIP Phase-I, Jharmajri , Baddi, Distt: Solan (H.P)",AKAIR LC Syrup 60ml_image_8.jpg
"J. B. CHEMICALS & PHARMACEUTICAL Sevocetirizine Dhydrochloride & Montelukast Syrup AKAIR"" LC Syrup For paediatric use only 60 ml",AKAIR LC MIXED FRUIT FLAVOUR Syrup 60ml_image_3.jpg
Each Uncoated Tablet Contains: Bilastine 20 mg Excipients q.s Dosage: As directed by the Physician.,AKUBLISS 20 Tablet 10's_image_5.jpg
60ml Bilastine Oral Solution 2.5 mg/ml AKUBLISS ,AKUBLISS Oral Solution 60ml AKUBLISS Oral Solution 60ml_image_5.jpg
"Each mI contains: Bilastine 25mg In a flavoured syrup base Dosage: As directed by the Physician. Shake well before use. Store below 30Â°C in a dark and dry place. Keep all medicines out of reach of children SHAKE WELL BEFORE USE. WARNING: yo be sold by retail on the prescription of Registered Medical Practitioner Only. Manufactured in India by: Synokem PHARMACEUTICALS LTD Plot No.: 35-36, Sector 6-A Integrated Industrial Estate (SIDCUL) , Ranipur (BHEL) Haridwar-249 403. Uttarakhand.",AKUBLISS Oral Solution 60ml_image_6.jpg
60ml  Bilastine Oral Solution  2.5 mg/ml AKUBLISS sl27 4et,AKUBLISS Oral Solution 60ml_image_8.jpg
Each ml contains: Bilastine 2.5mg In a flavoured syrup base Dosage: As directed by the Physician. Shake well before use.  Store below 30Â°C in a dark and dry place.,AKUBLISS Oral Solution 60ml_image_7.jpg
"Non-Drowsy Alaspan 24 Relief of Sneezing Indoor & Outdoor Allergies Runny Nose Itchy, Watery Eyes Itchy Nose/Throat  WORLD'S best SELLING  ALLERGY  treatment 2 X 5 X 10 Tablets",Alaspan 10mg Tablet 10'S_image_4.jpg
"Non-Drowsy Alaspan 24 Relief of Sneezing Indoor & Outdoor Allergies Runny Nose Itchy, Watery Eyes Itchy Nose/Throat  WORLD'S best SELLING  ALLERGY  treatment 2 X 5 X 10 Tablets",Alaspan 10mg Tablet 10'S_image_7.jpg
"Alastin Storage : store in a cool, dry & dark place. Protect from direct sunlight keep all Medicinesout of reach of children Compostion :  Each film coated tablet contains : Laratacine USP 10mg. Excipients q.s Dosage : As directed by the Physician Leeford Healthcare Ltd. Loratadine Tablets Mfg. lic NO. : L/17/2023/MNB & L/17/2024/MB",Alastin 10mg Tablet 10'S_image_1.jpg
Each film coated tablet contains : Cetirizine Dihydrochioride I.P 10 mg. Colour : Titanium Dioxide I.P.,ALCE 10 Tablet 10's_image_3.jpg
"Each film coated tablet contains: Levocetirizine Dihydrochloride I.P 5 mg: Montelukast Sodium I.P Eq. to Montelukast 10 mg Excipients Q.S- Colour Red Oxide of Iron Dose As directed by the Physician. Store at a temperature not exceeding 30* C, Protected from light & moisture. Keep out of reach of children.",ALCET M Dispersible tablet 10's_image_5.jpg
"Rx Levocetirizine & Montelukast Tablets I.P. Alcet-M 10 x 10 TABLETS 1 0 0 Manufactured in India by An ISO[9001:2015]COMPANY SUNiJ PHARMA PVT. LTD 4227/28/29/30, Phase IV, G.I.D.C,, Vatva, Ahmedabad - 382 445.Gujarat 3",ALCET M Dispersible tablet 10's_image_4.jpg
Each film coated tablet contains Levocetirizine Dihydrochloride I.P: 5 mg Montelukast Sodium L.P Eq: to Montelukast 10 mg_ Excipients QS Colour Red Oxide of Iron Dose As directed by the Physician:,ALCET M Dispersible tablet 10's_image_6.jpg
cnorpneniramine Maleate and Catteine tablets ALCON PLUS  Each uncoaled tablet contains : n biadiniel - Vchi0fual Paracetamol IP : 650 mg cahen Ocolanee7 Phenylephrine Hydrochloride IP : 10 mg chlorpheniramine Mateate IP : 4 mg  caffeine IP  30 mg ,Alcon Plus Tablet 10'S_image_3.jpg
Each uncoated tablet contains : Paracetamol IP : 650 mg Phenylephrine Hydrochlorlde Ip : 10 mg Chlorpheniramine Maleate  IP : 4 mg Caffeine : 30 mg Colour : Sunset Yellow. Dosage : As directed by the Physician.,Alcon Plus Tablet 10'S_image_5.jpg
Each film coated tablet contains: Celirizine hydrochloride IP : 10 mg Excipients :  q.s,ALDAY 10mg Tablet 10's_image_4.jpg
Alday,ALDAY 10mg Tablet 10's_image_5.jpg
30 ml Levocetirizine Hydrochloride Syrup 1AL  SYRUP Da' 473ia,1 AL Syrup 30ml_image_1.jpg
